snapshot_id,game_key,result_game_id,result_match_method,captured_at_utc,model_version,week,start_date,away_team,home_team,preferred_side,signal,model_home_spread,model_total,model_home_win_probability,public_home_spread,public_total,weather_applied,weather_conditions_line,weather_impact,weather_total_adjustment,weather_spread_adjustment,weather_spread_status,public_margin_error,public_abs_error,snapshot_home_spread,snapshot_total,snapshot_bookmaker,total_direction,total_edge,total_tier,total_result,actual_total,total_projection_error,closing_home_spread,clv_points,home_points,away_points,actual_home_margin,ats_result,model_margin_error,model_abs_error,market_margin_error,market_abs_error,closing_margin_error,closing_abs_error,model_beats_snapshot_market,result_settled
a63658c46bda89609f77e7b2,401858204,,unmatched,2026-09-02T15:27:05.903938+00:00,production-model-a-2026-week1-freeze-v1,1,2026-09-03T23:00:00.000Z,Akron,Wake Forest,Akron,AGREE W/ MARKET,-22.0,51.5,91.5,,,,,,,,,,,-23.5,48.5,DraftKings,,,,,,,-27.5,-4.0,,,,,,,,,,,,False
2e5e5aaecf0bfa69d4896a5b,401856776,,unmatched,2026-09-02T15:27:05.903938+00:00,production-model-a-2026-week1-freeze-v1,1,2026-09-04T00:00:00.000Z,Colorado,Georgia Tech,Colorado,AGREE W/ MARKET,-6.0,52.5,64.6,,,,,,,,,,,-6.5,50.5,DraftKings,,,,,,,-6.5,0.0,,,,,,,,,,,,False
787ad2612196f22734a9a796,401858424,,unmatched,2026-09-02T15:27:05.903938+00:00,production-model-a-2026-week1-freeze-v1,1,2026-09-04T01:00:00.000Z,UAB,Illinois,UAB,LEAN,-23.5,52.5,92.9,,,,,,,,,,,-27.5,54.5,DraftKings,,,,,,,-25.5,2.0,,,,,,,,,,,,False
7cf4321c6a665ffa21cddaf2,401864495,,unmatched,2026-09-02T15:27:05.903938+00:00,production-model-a-2026-week1-freeze-v1,1,2026-09-04T22:30:00.000Z,San Jose State,Eastern Michigan,Eastern Michigan,AGREE W/ MARKET,-5.0,52.5,62.3,,,,,,,,,,,-3.0,56.5,DraftKings,,,,,,,,,,,,,,,,,,,,False
b6575d7b93aab45a3a4e7e8d,401858429,,unmatched,2026-09-02T15:27:05.903938+00:00,production-model-a-2026-week1-freeze-v1,1,2026-09-05T00:00:00.000Z,Toledo,Michigan State,Michigan State,AGREE W/ MARKET,-10.5,53.5,74.4,,,,,,,,,,,-9.5,47.5,DraftKings,,,,,,,,,,,,,,,,,,,,False
740f2a1269474719f97db54a,401856664,,unmatched,2026-09-02T15:27:05.903938+00:00,production-model-a-2026-week1-freeze-v1,1,2026-09-05T00:00:00.000Z,UTEP,Oklahoma,UTEP,PLAY,-32.0,50.5,97.7,,,,,,,,,,,-41.5,51.5,DraftKings,,,,,,,,,,,,,,,,,,,,False
25204df86672214ccb5d1366,401858436,,unmatched,2026-09-02T15:27:05.903938+00:00,production-model-a-2026-week1-freeze-v1,1,2026-09-05T01:00:00.000Z,Fresno State,USC,Fresno State,PLAY,-14.0,54.5,80.9,,,,,,,,,,,-22.5,51.5,DraftKings,,,,,,,,,,,,,,,,,,,,False
31ce833546b9fcdb85289fe6,401858206,,unmatched,2026-09-02T15:27:05.903938+00:00,production-model-a-2026-week1-freeze-v1,1,2026-09-05T01:00:00.000Z,Miami,Stanford,Stanford,PLAY,15.0,53.0,17.4,,,,,,,,,,,24.5,48.5,DraftKings,,,,,,,,,,,,,,,,,,,,False
ca07a1a75cd8a098d27dcaa4,401869960,,unmatched,2026-09-02T15:27:05.903938+00:00,production-model-a-2026-week1-freeze-v1,1,2026-09-05T16:00:00.000Z,Liberty,James Madison,Liberty,AGREE W/ MARKET,-5.5,54.0,63.4,,,,,,,,,,,-6.5,50.5,DraftKings,,,,,,,,,,,,,,,,,,,,False
192360a9a475e9581dba975b,401858430,,unmatched,2026-09-02T15:27:05.903938+00:00,production-model-a-2026-week1-freeze-v1,1,2026-09-05T16:00:00.000Z,Ohio,Nebraska,Ohio,LEAN,-19.0,53.5,88.2,,,,,,,,,,,-23.5,45.5,DraftKings,,,,,,,,,,,,,,,,,,,,False
20bc510735b7d91926c81c3a,401856780,,unmatched,2026-09-02T15:27:05.903938+00:00,production-model-a-2026-week1-freeze-v1,1,2026-09-05T16:00:00.000Z,Coastal Carolina,West Virginia,Coastal Carolina,PLAY,-12.5,50.0,78.3,,,,,,,,,,,-21.0,55.5,DraftKings,,,,,,,,,,,,,,,,,,,,False
606991001e92d8edab6d2a4f,401858425,,unmatched,2026-09-02T15:27:05.903938+00:00,production-model-a-2026-week1-freeze-v1,1,2026-09-05T16:00:00.000Z,North Texas,Indiana,North Texas,PLAY,-31.5,57.5,97.6,,,,,,,,,,,-39.5,55.5,DraftKings,,,,,,,,,,,,,,,,,,,,False
f7648a232ff7740a3e8d243a,401856778,,unmatched,2026-09-02T15:27:05.903938+00:00,production-model-a-2026-week1-freeze-v1,1,2026-09-05T16:00:00.000Z,Oregon State,Houston,Oregon State,PLAY,-12.0,52.0,77.3,,,,,,,,,,,-20.5,49.5,DraftKings,,,,,,,,,,,,,,,,,,,,False
ad7bde5526c81b4fa92562c8,401856634,,unmatched,2026-09-02T15:27:05.903938+00:00,production-model-a-2026-week1-freeze-v1,1,2026-09-05T16:00:00.000Z,East Carolina,Alabama,East Carolina,PLAY,-18.5,54.5,87.6,,,,,,,,,,,-27.5,52.5,DraftKings,,,,,,,,,,,,,,,,,,,,False
91577e373d9c6675f8d5b017,401858207,,unmatched,2026-09-02T15:27:05.903938+00:00,production-model-a-2026-week1-freeze-v1,1,2026-09-05T16:30:00.000Z,Miami (OH),Pittsburgh,Miami (OH),EDGE,-10.0,52.5,73.4,,,,,,,,,,,-16.5,48.5,DraftKings,,,,,,,,,,,,,,,,,,,,False
175ba5b245af8e28044d555d,401858432,,unmatched,2026-09-02T15:27:05.903938+00:00,production-model-a-2026-week1-freeze-v1,1,2026-09-05T16:30:00.000Z,Ball State,Ohio State,Ball State,AGREE W/ MARKET,-48.0,53.0,99.0,,,,,,,,,,,-50.5,55.5,DraftKings,,,,,,,,,,,,,,,,,,,,False
2156ed73e7580fa1e3aa402c,401856665,,unmatched,2026-09-02T15:27:05.903938+00:00,production-model-a-2026-week1-freeze-v1,1,2026-09-05T16:45:00.000Z,Kent State,South Carolina,Kent State,EDGE,-29.5,50.5,96.7,,,,,,,,,,,-35.5,54.5,DraftKings,,,,,,,,,,,,,,,,,,,,False
9277ab3f7b8ebc918dc76732,401858433,,unmatched,2026-09-02T15:27:05.903938+00:00,production-model-a-2026-week1-freeze-v1,1,2026-09-05T19:30:00.000Z,Boise State,Oregon,Boise State,AGREE W/ MARKET,-22.0,55.0,91.5,,,,,,,,,,,-24.5,51.5,DraftKings,,,,,,,,,,,,,,,,,,,,False
d220a90350883b54162bfc64,401856777,,unmatched,2026-09-02T15:27:05.903938+00:00,production-model-a-2026-week1-freeze-v1,1,2026-09-05T19:30:00.000Z,Boston College,Cincinnati,Boston College,AGREE W/ MARKET,-6.0,53.0,64.6,,,,,,,,,,,-7.5,49.5,FanDuel,,,,,,,,,,,,,,,,,,,,False
fd6e07402a75172576e77256,401856636,,unmatched,2026-09-02T15:27:05.903938+00:00,production-model-a-2026-week1-freeze-v1,1,2026-09-05T19:30:00.000Z,Baylor,Auburn,Baylor,AGREE W/ MARKET,-6.0,53.5,64.6,,,,,,,,,,,-7.5,58.5,DraftKings,,,,,,,,,,,,,,,,,,,,False
fdc52734512f7f3b5327a5a6,401858434,,unmatched,2026-09-02T15:27:05.903938+00:00,production-model-a-2026-week1-freeze-v1,1,2026-09-05T19:30:00.000Z,Marshall,Penn State,Marshall,AGREE W/ MARKET,-22.0,54.0,91.5,,,,,,,,,,,-23.5,52.5,DraftKings,,,,,,,,,,,,,,,,,,,,False
244b6962d5039fe233b857a5,401856667,,unmatched,2026-09-02T15:27:05.903938+00:00,production-model-a-2026-week1-freeze-v1,1,2026-09-05T19:30:00.000Z,Texas State,Texas,Texas State,PLAY,-22.0,54.0,91.5,,,,,,,,,,,-29.5,59.5,DraftKings,,,,,,,,,,,,,,,,,,,,False
585014c166c1f700aff70bcf,401858209,,unmatched,2026-09-02T15:27:05.903938+00:00,production-model-a-2026-week1-freeze-v1,1,2026-09-05T19:30:00.000Z,Tulane,Duke,Duke,AGREE W/ MARKET,-10.0,54.0,73.4,,,,,,,,,,,-7.5,51.5,DraftKings,,,,,,,,,,,,,,,,,,,,False
b59b747458c0bf9633691ebd,401856772,,unmatched,2026-09-02T15:27:05.903938+00:00,production-model-a-2026-week1-freeze-v1,1,2026-09-05T19:45:00.000Z,Oklahoma State,Tulsa,Tulsa,LEAN,8.5,49.5,29.8,,,,,,,,,,,13.5,59.5,DraftKings,,,,,,,,,,,,,,,,,,,,False
44f92cb684229d0ffd4997a6,401858426,,unmatched,2026-09-02T15:27:05.903938+00:00,production-model-a-2026-week1-freeze-v1,1,2026-09-05T20:15:00.000Z,Northern Illinois,Iowa,Northern Illinois,LEAN,-27.0,51.5,95.4,,,,,,,,,,,-31.5,44.5,DraftKings,,,,,,,,,,,,,,,,,,,,False
188590c253a1d4ce10fa1001,401860878,,unmatched,2026-09-02T15:27:05.903938+00:00,production-model-a-2026-week1-freeze-v1,1,2026-09-05T22:00:00.000Z,Wyoming,Colorado State,Wyoming,AGREE W/ MARKET,-1.5,51.0,53.7,,,,,,,,,,,-3.0,46.5,DraftKings,,,,,,,,,,,,,,,,,,,,False
850b5cc35c95cadbeb6112fc,401862699,,unmatched,2026-09-02T15:27:05.903938+00:00,production-model-a-2026-week1-freeze-v1,1,2026-09-05T23:00:00.000Z,Florida International,South Florida,Florida International,AGREE W/ MARKET,-11.5,54.0,76.4,,,,,,,,,,,-14.0,52.5,DraftKings,,,,,,,,,,,,,,,,,,,,False
5fef0641688bf4bd9c3af013,401856668,,unmatched,2026-09-02T15:27:05.903938+00:00,production-model-a-2026-week1-freeze-v1,1,2026-09-05T23:00:00.000Z,Missouri State,Texas A&M,Missouri State,EDGE,-34.0,53.0,98.3,,,,,,,,,,,-40.5,53.5,DraftKings,,,,,,,,,,,,,,,,,,,,False
3d314751ff78804d3cde10c7,401862695,,unmatched,2026-09-02T15:27:05.903938+00:00,production-model-a-2026-week1-freeze-v1,1,2026-09-05T23:00:00.000Z,Arkansas State,Memphis,Memphis,AGREE W/ MARKET,-13.0,52.5,79.2,,,,,,,,,,,-11.5,52.5,DraftKings,,,,,,,,,,,,,,,,,,,,False
0d8cfb36d0692f9feb9b60c6,401858428,,unmatched,2026-09-02T15:27:05.903938+00:00,production-model-a-2026-week1-freeze-v1,1,2026-09-05T23:30:00.000Z,Western Michigan,Michigan,Western Michigan,EDGE,-20.5,53.5,90.0,,,,,,,,,,,-27.5,48.5,DraftKings,,,,,,,,,,,,,,,,,,,,False
64bc6124d024f938177a7533,401856660,,unmatched,2026-09-02T15:27:05.903938+00:00,production-model-a-2026-week1-freeze-v1,1,2026-09-05T23:30:00.000Z,Clemson,LSU,Clemson,AGREE W/ MARKET,-9.0,52.5,71.3,,,,,,,,,,,-10.0,50.5,DraftKings,,,,,,,,,,,,,,,,,,,,False
08c0642165e420c40bae1136,401856662,,unmatched,2026-09-02T15:27:05.903938+00:00,production-model-a-2026-week1-freeze-v1,1,2026-09-05T23:30:00.000Z,UL Monroe,Mississippi State,,AGREE W/ MARKET,-28.5,50.5,96.3,,,,,,,,,,,-28.5,54.5,DraftKings,,,,,,,,,,,,,,,,,,,,False
fd08895bacf1de855c901161,401856637,,unmatched,2026-09-02T15:27:05.903938+00:00,production-model-a-2026-week1-freeze-v1,1,2026-09-05T23:45:00.000Z,Florida Atlantic,Florida,Florida Atlantic,EDGE,-19.5,52.0,88.9,,,,,,,,,,,-26.5,59.5,DraftKings,,,,,,,,,,,,,,,,,,,,False
ba3afc2e2b371b1c61a20d00,401864497,,unmatched,2026-09-02T15:27:05.903938+00:00,production-model-a-2026-week1-freeze-v1,1,2026-09-06T02:00:00.000Z,UNLV,Hawai'i,Hawai'i,LEAN,0.0,52.0,50.0,,,,,,,,,,,3.0,56.5,DraftKings,,,,,,,,,,,,,,,,,,,,False
e2ee7f03c1e74268aba34d00,401864498,,unmatched,2026-09-02T15:27:05.903938+00:00,production-model-a-2026-week1-freeze-v1,1,2026-09-06T02:00:00.000Z,Central Michigan,New Mexico,New Mexico,LEAN,-13.5,52.5,80.1,,,,,,,,,,,-10.0,46.5,DraftKings,,,,,,,,,,,,,,,,,,,,False
41e27c6aa56c58cb3e608715,401864432,,unmatched,2026-09-02T15:27:05.903938+00:00,production-model-a-2026-week1-freeze-v1,1,2026-09-06T02:30:00.000Z,Western Kentucky,Nevada,Nevada,AGREE W/ MARKET,1.5,51.0,46.3,,,,,,,,,,,2.5,52.5,DraftKings,,,,,,,,,,,,,,,,,,,,False
927873adaa6534f4dc172039,401858210,,unmatched,2026-09-02T15:27:05.903938+00:00,production-model-a-2026-week1-freeze-v1,1,2026-09-06T02:30:00.000Z,UCLA,California,California,LEAN,-0.5,51.5,51.2,,,,,,,,,,,2.5,53.5,DraftKings,,,,,,,,,,,,,,,,,,,,False
0359d6f4eff066c856965dc4,401858437,,unmatched,2026-09-02T15:27:05.903938+00:00,production-model-a-2026-week1-freeze-v1,1,2026-09-06T20:00:00.000Z,Washington State,Washington,Washington State,LEAN,-18.5,55.0,87.6,,,,,,,,,,,-23.5,50.5,DraftKings,,,,,,,,,,,,,,,,,,,,False
3ea32bb57d6114bc41a3a70d,401858438,,unmatched,2026-09-02T15:27:05.903938+00:00,production-model-a-2026-week1-freeze-v1,1,2026-09-06T23:30:00.000Z,Wisconsin,Notre Dame,Wisconsin,LEAN,-17.5,53.0,86.3,,,,,,,,,,,-20.5,47.5,DraftKings,,,,,,,,,,,,,,,,,,,,False
66c2085701dbc9db259c0598,401856661,,unmatched,2026-09-02T15:27:05.903938+00:00,production-model-a-2026-week1-freeze-v1,1,2026-09-06T23:30:00.000Z,Louisville,Ole Miss,Louisville,LEAN,-4.0,55.0,59.9,,,,,,,,,,,-7.0,55.5,DraftKings,,,,,,,,,,,,,,,,,,,,False
65cd47803d3b61473a2cad5a,401858212,,unmatched,2026-09-02T15:27:05.903938+00:00,production-model-a-2026-week1-freeze-v1,1,2026-09-07T23:30:00.000Z,SMU,Florida State,Florida State,LEAN,-0.5,54.5,51.2,,,,,,,,,,,3.0,52.5,DraftKings,,,,,,,,,,,,,,,,,,,,False
e2586fb89427e1e7a0a6d5a3,401856678,,unmatched,2026-09-02T15:27:05.903938+00:00,production-model-a-2026-week1-freeze-v1,2,2026-09-12T00:00:00.000Z,Missouri,Kansas,,AGREE W/ MARKET,7.0,54.5,33.1,,,,,,,,,,,7.0,53.5,DraftKings,,,,,,,,,,,,,,,,,,,,False
6e4db172c530b9b92c12144f,401856683,,unmatched,2026-09-02T15:27:05.903938+00:00,production-model-a-2026-week1-freeze-v1,2,2026-09-12T16:00:00.000Z,Arizona State,Texas A&M,Texas A&M,AGREE W/ MARKET,-15.5,53.5,83.4,,,,,,,,,,,-14.5,51.5,DraftKings,,,,,,,,,,,,,,,,,,,,False
5d0205be7fe836a8da1fce0c,401856679,,unmatched,2026-09-02T15:27:05.903938+00:00,production-model-a-2026-week1-freeze-v1,2,2026-09-12T16:00:00.000Z,Oklahoma,Michigan,,AGREE W/ MARKET,-1.5,53.0,53.7,,,,,,,,,,,-1.5,46.5,DraftKings,,,,,,,,,,,,,,,,,,,,False
a5cfadb4f414707852c9e888,401856782,,unmatched,2026-09-02T15:27:05.903938+00:00,production-model-a-2026-week1-freeze-v1,2,2026-09-12T16:00:00.000Z,Oregon,Oklahoma State,Oklahoma State,LEAN,14.5,52.0,18.2,,,,,,,,,,,18.5,60.5,DraftKings,,,,,,,,,,,,,,,,,,,,False
bec842d358759d2acc8d357f,401856682,,unmatched,2026-09-02T15:27:05.903938+00:00,production-model-a-2026-week1-freeze-v1,2,2026-09-12T23:30:00.000Z,Ohio State,Texas,Ohio State,EDGE,4.5,55.5,38.9,,,,,,,,,,,-1.5,47.5,DraftKings,,,,,,,,,,,,,,,,,,,,False
fb093c78dd9db657fa705164,401856788,,unmatched,2026-09-02T15:27:05.903938+00:00,production-model-a-2026-week1-freeze-v1,2,2026-09-12T23:30:00.000Z,Iowa State,Iowa,Iowa,LEAN,-14.5,54.0,81.8,,,,,,,,,,,-11.5,41.5,DraftKings,,,,,,,,,,,,,,,,,,,,False
ddbe08984e03bacdf82265f3,401856670,,unmatched,2026-09-02T15:27:05.903938+00:00,production-model-a-2026-week1-freeze-v1,2,2026-09-13T02:15:00.000Z,Arkansas,Utah,Arkansas,LEAN,-6.0,56.0,64.6,,,,,,,,,,,-9.5,54.5,DraftKings,,,,,,,,,,,,,,,,,,,,False
ac736f816a6f675f62eaef78,401856811,,unmatched,2026-09-02T15:27:05.903938+00:00,production-model-a-2026-week1-freeze-v1,3,2026-09-19T00:00:00.000Z,Houston,Texas Tech,,AGREE W/ MARKET,-13.5,54.0,80.1,,,,,,,,,,,-13.5,54.5,DraftKings,,,,,,,,,,,,,,,,,,,,False
740aff43501262f9ce20e509,401856686,,unmatched,2026-09-02T15:27:05.903938+00:00,production-model-a-2026-week1-freeze-v1,3,2026-09-19T16:00:00.000Z,Georgia,Arkansas,Arkansas,LEAN,13.5,55.0,19.9,,,,,,,,,,,16.5,55.5,FanDuel,,,,,,,,,,,,,,,,,,,,False
3c5c325bbbdb281a75ea8bdd,401858230,,unmatched,2026-09-02T15:27:05.903938+00:00,production-model-a-2026-week1-freeze-v1,3,2026-09-19T19:30:00.000Z,SMU,Louisville,,AGREE W/ MARKET,-1.5,54.5,53.7,,,,,,,,,,,-1.5,56.5,DraftKings,,,,,,,,,,,,,,,,,,,,False
c289be99d912935a80f70793,401856687,,unmatched,2026-09-02T15:27:05.903938+00:00,production-model-a-2026-week1-freeze-v1,3,2026-09-19T23:00:00.000Z,Florida,Auburn,Auburn,AGREE W/ MARKET,0.0,53.0,50.0,,,,,,,,,,,1.5,53.5,DraftKings,,,,,,,,,,,,,,,,,,,,False
5fef87aca208c0235bc2d1c8,401856688,,unmatched,2026-09-02T15:27:05.903938+00:00,production-model-a-2026-week1-freeze-v1,3,2026-09-19T23:30:00.000Z,LSU,Ole Miss,LSU,AGREE W/ MARKET,0.5,53.5,48.8,,,,,,,,,,,-1.5,57.5,DraftKings,,,,,,,,,,,,,,,,,,,,False
48d7c3ef75996e3326cc320c,401856700,,unmatched,2026-09-02T15:27:05.903938+00:00,production-model-a-2026-week1-freeze-v1,4,2026-09-26T04:00:00.000Z,Oklahoma,Georgia,Oklahoma,AGREE W/ MARKET,-9.0,54.0,71.3,,,,,,,,,,,-10.0,52.5,DraftKings,,,,,,,,,,,,,,,,,,,,False
9f74c6a3af76e49840666523,401856702,,unmatched,2026-09-02T15:27:05.903938+00:00,production-model-a-2026-week1-freeze-v1,4,2026-09-26T04:00:00.000Z,Texas A&M,LSU,,AGREE W/ MARKET,-3.0,53.0,57.4,,,,,,,,,,,-3.0,57.5,DraftKings,,,,,,,,,,,,,,,,,,,,False
8aaaebba50c8307557b0e4e4,401856704,,unmatched,2026-09-02T15:27:05.903938+00:00,production-model-a-2026-week1-freeze-v1,4,2026-09-26T16:00:00.000Z,Texas,Tennessee,Tennessee,EDGE,1.0,54.5,47.5,,,,,,,,,,,6.5,56.5,DraftKings,,,,,,,,,,,,,,,,,,,,False
9cc9540d1cc1497580bc5c7a,401858249,,unmatched,2026-09-02T15:27:05.903938+00:00,production-model-a-2026-week1-freeze-v1,5,2026-10-03T04:00:00.000Z,Miami,Clemson,Clemson,LEAN,3.5,54.5,41.3,,,,,,,,,,,7.0,55.5,DraftKings,,,,,,,,,,,,,,,,,,,,False
c9914b3de28b01021294057b,401856712,,unmatched,2026-09-02T15:27:05.903938+00:00,production-model-a-2026-week1-freeze-v1,6,2026-10-10T04:00:00.000Z,Georgia,Alabama,Georgia,AGREE W/ MARKET,3.5,54.5,41.3,,,,,,,,,,,3.0,50.5,DraftKings,,,,,,,,,,,,,,,,,,,,False
2eb7a6c585ca98689a447ce6,401856717,,unmatched,2026-09-02T15:27:05.903938+00:00,production-model-a-2026-week1-freeze-v1,6,2026-10-10T19:30:00.000Z,Texas,Oklahoma,Oklahoma,LEAN,3.0,52.5,42.6,,,,,,,,,,,6.0,48.5,DraftKings,,,,,,,,,,,,,,,,,,,,False
cf11c21b8a2ff0390c329def,401856719,,unmatched,2026-09-02T15:27:05.903938+00:00,production-model-a-2026-week1-freeze-v1,7,2026-10-17T04:00:00.000Z,Auburn,Georgia,Auburn,AGREE W/ MARKET,-14.5,55.0,81.8,,,,,,,,,,,-16.5,54.5,DraftKings,,,,,,,,,,,,,,,,,,,,False
e83ae74ef9c553a41200b8d6,401858488,,unmatched,2026-09-02T15:27:05.903938+00:00,production-model-a-2026-week1-freeze-v1,7,2026-10-17T04:00:00.000Z,Ohio State,Indiana,Ohio State,AGREE W/ MARKET,2.5,58.5,43.8,,,,,,,,,,,1.5,48.5,DraftKings,,,,,,,,,,,,,,,,,,,,False
3a7b483c3b4c2a99ed59cadd,401858490,,unmatched,2026-09-02T15:27:05.903938+00:00,production-model-a-2026-week1-freeze-v1,7,2026-10-17T04:00:00.000Z,Penn State,Michigan,Penn State,LEAN,-3.5,54.5,58.7,,,,,,,,,,,-6.5,51.5,DraftKings,,,,,,,,,,,,,,,,,,,,False
4c1e2cc0d5c5baae94cffecc,401858492,,unmatched,2026-09-02T15:27:05.903938+00:00,production-model-a-2026-week1-freeze-v1,7,2026-10-17T04:00:00.000Z,Nebraska,Oregon,Nebraska,LEAN,-18.5,55.0,87.6,,,,,,,,,,,-21.5,51.5,DraftKings,,,,,,,,,,,,,,,,,,,,False
7a15ef10f9b1fc2a5e79a3c1,401856723,,unmatched,2026-09-02T15:27:05.903938+00:00,production-model-a-2026-week1-freeze-v1,7,2026-10-17T04:00:00.000Z,Alabama,Tennessee,Tennessee,LEAN,-3.0,55.0,57.4,,,,,,,,,,,1.5,56.5,DraftKings,,,,,,,,,,,,,,,,,,,,False
54aa5f93056aed000396f0eb,401856809,,unmatched,2026-09-02T15:27:05.903938+00:00,production-model-a-2026-week1-freeze-v1,7,2026-10-17T04:00:00.000Z,Notre Dame,BYU,BYU,LEAN,6.0,56.0,35.4,,,,,,,,,,,10.0,54.5,DraftKings,,,,,,,,,,,,,,,,,,,,False
a5433e252361d15305b4be75,401856830,,unmatched,2026-09-02T15:27:05.903938+00:00,production-model-a-2026-week1-freeze-v1,7,2026-10-17T04:00:00.000Z,Kansas,Kansas State,Kansas,AGREE W/ MARKET,-7.0,53.5,66.9,,,,,,,,,,,-7.5,54.5,DraftKings,,,,,,,,,,,,,,,,,,,,False
680309115c3cefacee429d6d,401856727,,unmatched,2026-09-02T15:27:05.903938+00:00,production-model-a-2026-week1-freeze-v1,8,2026-10-24T04:00:00.000Z,Texas A&M,Alabama,Texas A&M,AGREE W/ MARKET,-0.5,54.0,51.2,,,,,,,,,,,-2.5,54.5,DraftKings,,,,,,,,,,,,,,,,,,,,False
0ab63a19de60ad69c6385c08,401856732,,unmatched,2026-09-02T15:27:05.903938+00:00,production-model-a-2026-week1-freeze-v1,8,2026-10-24T04:00:00.000Z,Ole Miss,Texas,Ole Miss,AGREE W/ MARKET,-8.0,54.0,69.1,,,,,,,,,,,-8.5,54.5,DraftKings,,,,,,,,,,,,,,,,,,,,False
dacc07ab34f857fdd8f76ac5,401856837,,unmatched,2026-09-02T15:27:05.903938+00:00,production-model-a-2026-week1-freeze-v1,8,2026-10-24T04:00:00.000Z,Houston,Utah,Houston,AGREE W/ MARKET,-5.0,55.0,62.3,,,,,,,,,,,-6.5,50.5,DraftKings,,,,,,,,,,,,,,,,,,,,False
1c62243fd3bdb55cec92ae72,401858496,,unmatched,2026-09-02T15:27:05.903938+00:00,production-model-a-2026-week1-freeze-v1,8,2026-10-24T04:00:00.000Z,Indiana,Michigan,Michigan,AGREE W/ MARKET,3.5,56.0,41.3,,,,,,,,,,,6.0,52.5,DraftKings,,,,,,,,,,,,,,,,,,,,False
5bb13942e2442b8e67f8adbf,401856734,,unmatched,2026-09-02T15:27:05.903938+00:00,production-model-a-2026-week1-freeze-v1,9,2026-10-31T19:30:00.000Z,Florida,Georgia,Florida,LEAN,-8.5,54.0,70.2,,,,,,,,,,,-12.5,53.5,DraftKings,,,,,,,,,,,,,,,,,,,,False
926eedc6ed4271c076714290,401856740,,unmatched,2026-09-02T15:27:05.903938+00:00,production-model-a-2026-week1-freeze-v1,10,2026-11-07T05:00:00.000Z,Alabama,LSU,LSU,AGREE W/ MARKET,-5.5,52.5,63.4,,,,,,,,,,,-3.5,54.5,DraftKings,,,,,,,,,,,,,,,,,,,,False
32a6ab5df88ee55fc5f2dd56,401856741,,unmatched,2026-09-02T15:27:05.903938+00:00,production-model-a-2026-week1-freeze-v1,10,2026-11-07T05:00:00.000Z,Georgia,Ole Miss,Georgia,AGREE W/ MARKET,5.0,56.0,37.7,,,,,,,,,,,4.5,55.5,DraftKings,,,,,,,,,,,,,,,,,,,,False
932935e87c191b25133073d2,401856849,,unmatched,2026-09-02T15:27:05.903938+00:00,production-model-a-2026-week1-freeze-v1,10,2026-11-07T05:00:00.000Z,BYU,Utah,BYU,LEAN,1.0,56.0,47.5,,,,,,,,,,,-3.0,51.5,DraftKings,,,,,,,,,,,,,,,,,,,,False
c28d0bd44838d1f8671a745c,401858511,,unmatched,2026-09-02T15:27:05.903938+00:00,production-model-a-2026-week1-freeze-v1,10,2026-11-07T05:00:00.000Z,Michigan State,Michigan,Michigan State,AGREE W/ MARKET,-14.5,52.5,81.8,,,,,,,,,,,-16.5,50.5,DraftKings,,,,,,,,,,,,,,,,,,,,False
80f7237e78d4241afa6c5c85,401858514,,unmatched,2026-09-02T15:27:05.903938+00:00,production-model-a-2026-week1-freeze-v1,10,2026-11-07T05:00:00.000Z,Oregon,Ohio State,,AGREE W/ MARKET,-6.0,57.5,64.6,,,,,,,,,,,-6.0,52.5,DraftKings,,,,,,,,,,,,,,,,,,,,False
f2a1809ad0cbf22603842582,401858291,,unmatched,2026-09-02T15:27:05.903938+00:00,production-model-a-2026-week1-freeze-v1,10,2026-11-08T00:30:00.000Z,Miami,Notre Dame,,AGREE W/ MARKET,-6.5,56.5,65.8,,,,,,,,,,,-6.5,54.5,DraftKings,,,,,,,,,,,,,,,,,,,,False
dd6946830951c26272527f3b,401858523,,unmatched,2026-09-02T15:27:05.903938+00:00,production-model-a-2026-week1-freeze-v1,11,2026-11-14T05:00:00.000Z,Michigan,Oregon,Michigan,AGREE W/ MARKET,-13.0,55.0,79.2,,,,,,,,,,,-13.5,53.5,DraftKings,,,,,,,,,,,,,,,,,,,,False
a493e8c735f357130e915b79,401858296,,unmatched,2026-09-02T15:27:05.903938+00:00,production-model-a-2026-week1-freeze-v1,11,2026-11-14T05:00:00.000Z,Duke,Miami,Duke,EDGE,-15.0,54.5,82.6,,,,,,,,,,,-21.0,55.5,DraftKings,,,,,,,,,,,,,,,,,,,,False
d0810f1479993db0bab78920,401856888,,unmatched,2026-09-02T15:27:05.903938+00:00,production-model-a-2026-week1-freeze-v1,11,2026-11-14T05:00:00.000Z,Tennessee,Texas A&M,Tennessee,AGREE W/ MARKET,-6.0,55.5,64.6,,,,,,,,,,,-8.5,55.5,DraftKings,,,,,,,,,,,,,,,,,,,,False
ca970825000f6603b2394bf7,401856887,,unmatched,2026-09-02T15:27:05.903938+00:00,production-model-a-2026-week1-freeze-v1,11,2026-11-14T05:00:00.000Z,Ole Miss,Oklahoma,Oklahoma,AGREE W/ MARKET,-4.5,54.0,61.1,,,,,,,,,,,-4.0,53.5,DraftKings,,,,,,,,,,,,,,,,,,,,False
8e4f2dd96e31f9177dde8d65,401856885,,unmatched,2026-09-02T15:27:05.903938+00:00,production-model-a-2026-week1-freeze-v1,11,2026-11-14T05:00:00.000Z,Texas,LSU,LSU,LEAN,-1.5,52.0,53.7,,,,,,,,,,,2.5,54.5,DraftKings,,,,,,,,,,,,,,,,,,,,False
d132cc259dcef8740a963c22,401856863,,unmatched,2026-09-02T15:27:05.903938+00:00,production-model-a-2026-week1-freeze-v1,11,2026-11-14T05:00:00.000Z,Texas Tech,Oklahoma State,Oklahoma State,EDGE,9.0,52.0,28.7,,,,,,,,,,,15.5,61.5,DraftKings,,,,,,,,,,,,,,,,,,,,False
44160544a3cbe2ee9ee08a9b,401856752,,unmatched,2026-09-02T15:27:05.903938+00:00,production-model-a-2026-week1-freeze-v1,12,2026-11-21T05:00:00.000Z,Texas A&M,Oklahoma,Texas A&M,AGREE W/ MARKET,-1.5,53.5,53.7,,,,,,,,,,,-2.5,51.5,DraftKings,,,,,,,,,,,,,,,,,,,,False
1a789fd576b4200a66f7ca2a,401856754,,unmatched,2026-09-02T15:27:05.903938+00:00,production-model-a-2026-week1-freeze-v1,12,2026-11-21T05:00:00.000Z,LSU,Tennessee,Tennessee,AGREE W/ MARKET,-1.0,54.0,52.5,,,,,,,,,,,1.5,57.5,DraftKings,,,,,,,,,,,,,,,,,,,,False
0ff71b71e78a9f916ed30d0e,401858302,,unmatched,2026-09-02T15:27:05.903938+00:00,production-model-a-2026-week1-freeze-v1,12,2026-11-21T05:00:00.000Z,Virginia Tech,Miami,Virginia Tech,LEAN,-12.5,53.0,78.3,,,,,,,,,,,-16.5,56.5,DraftKings,,,,,,,,,,,,,,,,,,,,False
4ac3954a72be51e31f8fbd93,401858307,,unmatched,2026-09-02T15:27:05.903938+00:00,production-model-a-2026-week1-freeze-v1,12,2026-11-22T00:30:00.000Z,SMU,Notre Dame,SMU,LEAN,-14.0,56.0,80.9,,,,,,,,,,,-17.5,56.5,DraftKings,,,,,,,,,,,,,,,,,,,,False
1826e3fa8cd4871712aa6658,401856762,,unmatched,2026-09-02T15:27:05.903938+00:00,production-model-a-2026-week1-freeze-v1,13,2026-11-27T17:00:00.000Z,Mississippi State,Ole Miss,Mississippi State,LEAN,-11.5,53.5,76.4,,,,,,,,,,,-14.5,56.5,DraftKings,,,,,,,,,,,,,,,,,,,,False
4a31d2f4a544dabd499e7366,401856756,,unmatched,2026-09-02T15:27:05.903938+00:00,production-model-a-2026-week1-freeze-v1,13,2026-11-28T00:30:00.000Z,Texas,Texas A&M,Texas A&M,LEAN,-1.5,53.5,53.7,,,,,,,,,,,2.5,53.5,DraftKings,,,,,,,,,,,,,,,,,,,,False
dd83b83acd9a702e4f11fc4a,401858541,,unmatched,2026-09-02T15:27:05.903938+00:00,production-model-a-2026-week1-freeze-v1,13,2026-11-28T05:00:00.000Z,Washington,Oregon,Washington,AGREE W/ MARKET,-13.5,56.5,80.1,,,,,,,,,,,-15.5,54.5,DraftKings,,,,,,,,,,,,,,,,,,,,False
7dd4fe90c4a3c19131a1fe11,401856757,,unmatched,2026-09-02T15:27:05.903938+00:00,production-model-a-2026-week1-freeze-v1,13,2026-11-28T05:00:00.000Z,Auburn,Alabama,Auburn,AGREE W/ MARKET,-8.0,54.0,69.1,,,,,,,,,,,-10.0,53.5,DraftKings,,,,,,,,,,,,,,,,,,,,False
25b44c416368e1c9c4a7e645,401856764,,unmatched,2026-09-02T15:27:05.903938+00:00,production-model-a-2026-week1-freeze-v1,13,2026-11-28T05:00:00.000Z,South Carolina,Clemson,Clemson,AGREE W/ MARKET,-3.5,52.0,58.7,,,,,,,,,,,-3.0,53.5,DraftKings,,,,,,,,,,,,,,,,,,,,False
8d6e5f580258a7b3d9176a24,401856765,,unmatched,2026-09-02T15:27:05.903938+00:00,production-model-a-2026-week1-freeze-v1,13,2026-11-28T05:00:00.000Z,Tennessee,Vanderbilt,Tennessee,AGREE W/ MARKET,4.0,57.0,40.1,,,,,,,,,,,3.0,57.5,DraftKings,,,,,,,,,,,,,,,,,,,,False
83ebeeb5b9916d11fb58c803,401856873,,unmatched,2026-09-02T15:27:05.903938+00:00,production-model-a-2026-week1-freeze-v1,13,2026-11-28T05:00:00.000Z,Arizona State,Arizona,Arizona,AGREE W/ MARKET,-5.5,53.0,63.4,,,,,,,,,,,-4.5,52.5,DraftKings,,,,,,,,,,,,,,,,,,,,False
3281dd9582c6dd74ecd95c14,401858537,,unmatched,2026-09-02T15:27:05.903938+00:00,production-model-a-2026-week1-freeze-v1,13,2026-11-28T05:00:00.000Z,Illinois,Northwestern,Northwestern,AGREE W/ MARKET,2.5,53.5,43.8,,,,,,,,,,,3.5,52.5,DraftKings,,,,,,,,,,,,,,,,,,,,False
2050e3ce965a9ec3f8a10b10,401858540,,unmatched,2026-09-02T15:27:05.903938+00:00,production-model-a-2026-week1-freeze-v1,13,2026-11-28T17:00:00.000Z,Michigan,Ohio State,Ohio State,AGREE W/ MARKET,-15.5,56.0,83.4,,,,,,,,,,,-13.5,46.5,DraftKings,,,,,,,,,,,,,,,,,,,,False
096a8163045c933d20d76279,401858204,,unmatched,2026-09-02T18:05:30.413229+00:00,production-model-a-2026-week1-freeze-v1,1,2026-09-03T23:00:00.000Z,Akron,Wake Forest,Akron,ALIGNED,-22.0,51.5,91.5,,,,,,,,,,,-24.5,48.5,DraftKings,,,,,,,-27.5,-3.0,,,,,,,,,,,,False
95e2bad04f12b510ee1b6396,401856776,,unmatched,2026-09-02T18:05:30.413229+00:00,production-model-a-2026-week1-freeze-v1,1,2026-09-04T00:00:00.000Z,Colorado,Georgia Tech,Colorado,ALIGNED,-6.0,52.5,64.6,,,,,,,,,,,-6.5,51.5,DraftKings,,,,,,,-6.5,0.0,,,,,,,,,,,,False
621676762bf61f898009228b,401858424,,unmatched,2026-09-02T18:05:30.413229+00:00,production-model-a-2026-week1-freeze-v1,1,2026-09-04T01:00:00.000Z,UAB,Illinois,UAB,SLIGHT EDGE,-23.5,52.5,92.9,,,,,,,,,,,-27.5,54.5,DraftKings,,,,,,,-25.5,2.0,,,,,,,,,,,,False
1eb2c1f814f6de0cebc207a5,401864495,,unmatched,2026-09-02T18:05:30.413229+00:00,production-model-a-2026-week1-freeze-v1,1,2026-09-04T22:30:00.000Z,San Jose State,Eastern Michigan,Eastern Michigan,ALIGNED,-5.0,52.5,62.3,,,,,,,,,,,-3.0,56.5,DraftKings,,,,,,,,,,,,,,,,,,,,False
bf1f7da6a2786958972e2626,401858429,,unmatched,2026-09-02T18:05:30.413229+00:00,production-model-a-2026-week1-freeze-v1,1,2026-09-05T00:00:00.000Z,Toledo,Michigan State,Michigan State,ALIGNED,-10.5,53.5,74.4,,,,,,,,,,,-9.5,46.5,DraftKings,,,,,,,,,,,,,,,,,,,,False
cf55c647a92fb04d054497db,401856664,,unmatched,2026-09-02T18:05:30.413229+00:00,production-model-a-2026-week1-freeze-v1,1,2026-09-05T00:00:00.000Z,UTEP,Oklahoma,UTEP,STRONG EDGE,-32.0,50.5,97.7,,,,,,,,,,,-41.5,51.5,DraftKings,,,,,,,,,,,,,,,,,,,,False
486f25f6cc6db9bd2a1d2b5b,401858436,,unmatched,2026-09-02T18:05:30.413229+00:00,production-model-a-2026-week1-freeze-v1,1,2026-09-05T01:00:00.000Z,Fresno State,USC,Fresno State,STRONG EDGE,-14.0,54.5,80.9,,,,,,,,,,,-21.5,51.5,DraftKings,,,,,,,,,,,,,,,,,,,,False
b687bfcdf73360d1c960f5c1,401858206,,unmatched,2026-09-02T18:05:30.413229+00:00,production-model-a-2026-week1-freeze-v1,1,2026-09-05T01:00:00.000Z,Miami,Stanford,Stanford,STRONG EDGE,15.0,53.0,17.4,,,,,,,,,,,24.5,48.5,DraftKings,,,,,,,,,,,,,,,,,,,,False
aa26b92edb930b7402eb77da,401869960,,unmatched,2026-09-02T18:05:30.413229+00:00,production-model-a-2026-week1-freeze-v1,1,2026-09-05T16:00:00.000Z,Liberty,James Madison,Liberty,ALIGNED,-5.5,54.0,63.4,,,,,,,,,,,-6.0,50.5,DraftKings,,,,,,,,,,,,,,,,,,,,False
43bce01f6b1268e869b6f9b4,401858430,,unmatched,2026-09-02T18:05:30.413229+00:00,production-model-a-2026-week1-freeze-v1,1,2026-09-05T16:00:00.000Z,Ohio,Nebraska,Ohio,SLIGHT EDGE,-19.0,53.5,88.2,,,,,,,,,,,-23.5,46.5,DraftKings,,,,,,,,,,,,,,,,,,,,False
c97882d577cd5f3a804732ea,401856780,,unmatched,2026-09-02T18:05:30.413229+00:00,production-model-a-2026-week1-freeze-v1,1,2026-09-05T16:00:00.000Z,Coastal Carolina,West Virginia,Coastal Carolina,STRONG EDGE,-12.5,50.0,78.3,,,,,,,,,,,-21.0,56.5,DraftKings,,,,,,,,,,,,,,,,,,,,False
8fd29489d97566b69de7507c,401858425,,unmatched,2026-09-02T18:05:30.413229+00:00,production-model-a-2026-week1-freeze-v1,1,2026-09-05T16:00:00.000Z,North Texas,Indiana,North Texas,STRONG EDGE,-31.5,57.5,97.6,,,,,,,,,,,-40.5,55.5,DraftKings,,,,,,,,,,,,,,,,,,,,False
e0e52bb0647f45fcd4fe5528,401856778,,unmatched,2026-09-02T18:05:30.413229+00:00,production-model-a-2026-week1-freeze-v1,1,2026-09-05T16:00:00.000Z,Oregon State,Houston,Oregon State,STRONG EDGE,-12.0,52.0,77.3,,,,,,,,,,,-20.5,49.5,DraftKings,,,,,,,,,,,,,,,,,,,,False
bae7f64c11b25bc2cda00831,401856634,,unmatched,2026-09-02T18:05:30.413229+00:00,production-model-a-2026-week1-freeze-v1,1,2026-09-05T16:00:00.000Z,East Carolina,Alabama,East Carolina,STRONG EDGE,-18.5,54.5,87.6,,,,,,,,,,,-28.5,52.5,DraftKings,,,,,,,,,,,,,,,,,,,,False
b19163787971e66805586017,401858207,,unmatched,2026-09-02T18:05:30.413229+00:00,production-model-a-2026-week1-freeze-v1,1,2026-09-05T16:30:00.000Z,Miami (OH),Pittsburgh,Miami (OH),EDGE,-10.0,52.5,73.4,,,,,,,,,,,-16.5,48.5,DraftKings,,,,,,,,,,,,,,,,,,,,False
ec1468380ee51b31101ffa7d,401858432,,unmatched,2026-09-02T18:05:30.413229+00:00,production-model-a-2026-week1-freeze-v1,1,2026-09-05T16:30:00.000Z,Ball State,Ohio State,Ball State,ALIGNED,-48.0,53.0,99.0,,,,,,,,,,,-50.5,56.5,DraftKings,,,,,,,,,,,,,,,,,,,,False
f19d4910f9be7a181a15868b,401856665,,unmatched,2026-09-02T18:05:30.413229+00:00,production-model-a-2026-week1-freeze-v1,1,2026-09-05T16:45:00.000Z,Kent State,South Carolina,Kent State,EDGE,-29.5,50.5,96.7,,,,,,,,,,,-35.5,54.5,DraftKings,,,,,,,,,,,,,,,,,,,,False
6f172cca005ed94e67d0ab23,401858433,,unmatched,2026-09-02T18:05:30.413229+00:00,production-model-a-2026-week1-freeze-v1,1,2026-09-05T19:30:00.000Z,Boise State,Oregon,Boise State,ALIGNED,-22.0,55.0,91.5,,,,,,,,,,,-24.5,51.5,DraftKings,,,,,,,,,,,,,,,,,,,,False
e83ed663fe1d13c43cf90ad4,401856777,,unmatched,2026-09-02T18:05:30.413229+00:00,production-model-a-2026-week1-freeze-v1,1,2026-09-05T19:30:00.000Z,Boston College,Cincinnati,Boston College,ALIGNED,-6.0,53.0,64.6,,,,,,,,,,,-7.5,49.5,FanDuel,,,,,,,,,,,,,,,,,,,,False
610652565253cb42a53d4494,401856636,,unmatched,2026-09-02T18:05:30.413229+00:00,production-model-a-2026-week1-freeze-v1,1,2026-09-05T19:30:00.000Z,Baylor,Auburn,Baylor,ALIGNED,-6.0,53.5,64.6,,,,,,,,,,,-7.5,59.5,DraftKings,,,,,,,,,,,,,,,,,,,,False
b8d646b25ebb129325575318,401858434,,unmatched,2026-09-02T18:05:30.413229+00:00,production-model-a-2026-week1-freeze-v1,1,2026-09-05T19:30:00.000Z,Marshall,Penn State,Marshall,ALIGNED,-22.0,54.0,91.5,,,,,,,,,,,-24.5,52.5,DraftKings,,,,,,,,,,,,,,,,,,,,False
04b849e1da2e909478134afa,401856667,,unmatched,2026-09-02T18:05:30.413229+00:00,production-model-a-2026-week1-freeze-v1,1,2026-09-05T19:30:00.000Z,Texas State,Texas,Texas State,STRONG EDGE,-22.0,54.0,91.5,,,,,,,,,,,-29.5,59.5,DraftKings,,,,,,,,,,,,,,,,,,,,False
4e1fab2af0104dc09ef72a10,401858209,,unmatched,2026-09-02T18:05:30.413229+00:00,production-model-a-2026-week1-freeze-v1,1,2026-09-05T19:30:00.000Z,Tulane,Duke,Duke,ALIGNED,-10.0,54.0,73.4,,,,,,,,,,,-7.5,51.5,DraftKings,,,,,,,,,,,,,,,,,,,,False
c0e9df537f2f160ba4f5e783,401856772,,unmatched,2026-09-02T18:05:30.413229+00:00,production-model-a-2026-week1-freeze-v1,1,2026-09-05T19:45:00.000Z,Oklahoma State,Tulsa,Tulsa,SLIGHT EDGE,8.5,49.5,29.8,,,,,,,,,,,13.5,59.5,DraftKings,,,,,,,,,,,,,,,,,,,,False
970b0ed4b06d6782c9bc1468,401858426,,unmatched,2026-09-02T18:05:30.413229+00:00,production-model-a-2026-week1-freeze-v1,1,2026-09-05T20:15:00.000Z,Northern Illinois,Iowa,Northern Illinois,SLIGHT EDGE,-27.0,51.5,95.4,,,,,,,,,,,-31.5,44.5,DraftKings,,,,,,,,,,,,,,,,,,,,False
18ecf49a247d7709ac599732,401860878,,unmatched,2026-09-02T18:05:30.413229+00:00,production-model-a-2026-week1-freeze-v1,1,2026-09-05T22:00:00.000Z,Wyoming,Colorado State,Wyoming,ALIGNED,-1.5,51.0,53.7,,,,,,,,,,,-3.0,46.5,DraftKings,,,,,,,,,,,,,,,,,,,,False
0850c36caa13243456fbd143,401862699,,unmatched,2026-09-02T18:05:30.413229+00:00,production-model-a-2026-week1-freeze-v1,1,2026-09-05T23:00:00.000Z,Florida International,South Florida,Florida International,ALIGNED,-11.5,54.0,76.4,,,,,,,,,,,-14.0,52.5,DraftKings,,,,,,,,,,,,,,,,,,,,False
479857bc6746678e99c47569,401856668,,unmatched,2026-09-02T18:05:30.413229+00:00,production-model-a-2026-week1-freeze-v1,1,2026-09-05T23:00:00.000Z,Missouri State,Texas A&M,Missouri State,EDGE,-34.0,53.0,98.3,,,,,,,,,,,-40.5,53.5,DraftKings,,,,,,,,,,,,,,,,,,,,False
f89cadf857b911a1c7273906,401862695,,unmatched,2026-09-02T18:05:30.413229+00:00,production-model-a-2026-week1-freeze-v1,1,2026-09-05T23:00:00.000Z,Arkansas State,Memphis,Memphis,ALIGNED,-13.0,52.5,79.2,,,,,,,,,,,-11.5,52.5,DraftKings,,,,,,,,,,,,,,,,,,,,False
b9788f2397f35d55ecef2df3,401858428,,unmatched,2026-09-02T18:05:30.413229+00:00,production-model-a-2026-week1-freeze-v1,1,2026-09-05T23:30:00.000Z,Western Michigan,Michigan,Western Michigan,EDGE,-20.5,53.5,90.0,,,,,,,,,,,-27.5,48.5,DraftKings,,,,,,,,,,,,,,,,,,,,False
55e0a53f60fc258784334210,401856660,,unmatched,2026-09-02T18:05:30.413229+00:00,production-model-a-2026-week1-freeze-v1,1,2026-09-05T23:30:00.000Z,Clemson,LSU,Clemson,ALIGNED,-9.0,52.5,71.3,,,,,,,,,,,-10.0,50.5,DraftKings,,,,,,,,,,,,,,,,,,,,False
d14495e5694460301559f92a,401856662,,unmatched,2026-09-02T18:05:30.413229+00:00,production-model-a-2026-week1-freeze-v1,1,2026-09-05T23:30:00.000Z,UL Monroe,Mississippi State,,ALIGNED,-28.5,50.5,96.3,,,,,,,,,,,-28.5,54.5,DraftKings,,,,,,,,,,,,,,,,,,,,False
846c82424fa866bd0c4fd312,401856637,,unmatched,2026-09-02T18:05:30.413229+00:00,production-model-a-2026-week1-freeze-v1,1,2026-09-05T23:45:00.000Z,Florida Atlantic,Florida,Florida Atlantic,EDGE,-19.5,52.0,88.9,,,,,,,,,,,-26.5,59.5,DraftKings,,,,,,,,,,,,,,,,,,,,False
ff954be81a4015af5365a6ac,401864497,,unmatched,2026-09-02T18:05:30.413229+00:00,production-model-a-2026-week1-freeze-v1,1,2026-09-06T02:00:00.000Z,UNLV,Hawai'i,Hawai'i,SLIGHT EDGE,0.0,52.0,50.0,,,,,,,,,,,3.0,56.5,DraftKings,,,,,,,,,,,,,,,,,,,,False
f04ab0e37fbb343222b24560,401864498,,unmatched,2026-09-02T18:05:30.413229+00:00,production-model-a-2026-week1-freeze-v1,1,2026-09-06T02:00:00.000Z,Central Michigan,New Mexico,New Mexico,SLIGHT EDGE,-13.5,52.5,80.1,,,,,,,,,,,-10.5,46.5,DraftKings,,,,,,,,,,,,,,,,,,,,False
36366e955025c8149729e8d0,401864432,,unmatched,2026-09-02T18:05:30.413229+00:00,production-model-a-2026-week1-freeze-v1,1,2026-09-06T02:30:00.000Z,Western Kentucky,Nevada,,ALIGNED,1.5,51.0,46.3,,,,,,,,,,,1.5,52.5,DraftKings,,,,,,,,,,,,,,,,,,,,False
3ada67f43574026c49837749,401858210,,unmatched,2026-09-02T18:05:30.413229+00:00,production-model-a-2026-week1-freeze-v1,1,2026-09-06T02:30:00.000Z,UCLA,California,California,SLIGHT EDGE,-0.5,51.5,51.2,,,,,,,,,,,2.5,53.5,DraftKings,,,,,,,,,,,,,,,,,,,,False
1a4041e244e5e56c70c83bda,401858437,,unmatched,2026-09-02T18:05:30.413229+00:00,production-model-a-2026-week1-freeze-v1,1,2026-09-06T20:00:00.000Z,Washington State,Washington,Washington State,SLIGHT EDGE,-18.5,55.0,87.6,,,,,,,,,,,-23.5,50.5,DraftKings,,,,,,,,,,,,,,,,,,,,False
26db7cd08f93b880ee42e5e1,401858438,,unmatched,2026-09-02T18:05:30.413229+00:00,production-model-a-2026-week1-freeze-v1,1,2026-09-06T23:30:00.000Z,Wisconsin,Notre Dame,Wisconsin,SLIGHT EDGE,-17.5,53.0,86.3,,,,,,,,,,,-20.5,47.5,DraftKings,,,,,,,,,,,,,,,,,,,,False
bba963dc767a57d26947edf2,401856661,,unmatched,2026-09-02T18:05:30.413229+00:00,production-model-a-2026-week1-freeze-v1,1,2026-09-06T23:30:00.000Z,Louisville,Ole Miss,Louisville,SLIGHT EDGE,-4.0,55.0,59.9,,,,,,,,,,,-7.0,55.5,DraftKings,,,,,,,,,,,,,,,,,,,,False
a57b538f1f8ae4abea0a950e,401858212,,unmatched,2026-09-02T18:05:30.413229+00:00,production-model-a-2026-week1-freeze-v1,1,2026-09-07T23:30:00.000Z,SMU,Florida State,Florida State,SLIGHT EDGE,-0.5,54.5,51.2,,,,,,,,,,,3.0,52.5,DraftKings,,,,,,,,,,,,,,,,,,,,False
373657423e3e9e3f178510c2,401856678,,unmatched,2026-09-02T18:05:30.413229+00:00,production-model-a-2026-week1-freeze-v1,2,2026-09-12T00:00:00.000Z,Missouri,Kansas,,ALIGNED,7.0,54.5,33.1,,,,,,,,,,,7.0,53.5,DraftKings,,,,,,,,,,,,,,,,,,,,False
6a41258938221091e00b071e,401856683,,unmatched,2026-09-02T18:05:30.413229+00:00,production-model-a-2026-week1-freeze-v1,2,2026-09-12T16:00:00.000Z,Arizona State,Texas A&M,Texas A&M,ALIGNED,-15.5,53.5,83.4,,,,,,,,,,,-14.5,51.5,DraftKings,,,,,,,,,,,,,,,,,,,,False
7959584ea41956dad1c4015e,401856679,,unmatched,2026-09-02T18:05:30.413229+00:00,production-model-a-2026-week1-freeze-v1,2,2026-09-12T16:00:00.000Z,Oklahoma,Michigan,,ALIGNED,-1.5,53.0,53.7,,,,,,,,,,,-1.5,46.5,DraftKings,,,,,,,,,,,,,,,,,,,,False
ec5ffeabeaf60f7f97d4fff4,401856782,,unmatched,2026-09-02T18:05:30.413229+00:00,production-model-a-2026-week1-freeze-v1,2,2026-09-12T16:00:00.000Z,Oregon,Oklahoma State,Oklahoma State,SLIGHT EDGE,14.5,52.0,18.2,,,,,,,,,,,18.5,60.5,DraftKings,,,,,,,,,,,,,,,,,,,,False
4d5775e3373e3f6ee0bc002e,401856682,,unmatched,2026-09-02T18:05:30.413229+00:00,production-model-a-2026-week1-freeze-v1,2,2026-09-12T23:30:00.000Z,Ohio State,Texas,Ohio State,EDGE,4.5,55.5,38.9,,,,,,,,,,,-1.5,47.5,DraftKings,,,,,,,,,,,,,,,,,,,,False
3e415dde2376c896ce82de0e,401856788,,unmatched,2026-09-02T18:05:30.413229+00:00,production-model-a-2026-week1-freeze-v1,2,2026-09-12T23:30:00.000Z,Iowa State,Iowa,Iowa,SLIGHT EDGE,-14.5,54.0,81.8,,,,,,,,,,,-11.5,41.5,DraftKings,,,,,,,,,,,,,,,,,,,,False
afc4ff3ba7b2327ca210ae42,401856670,,unmatched,2026-09-02T18:05:30.413229+00:00,production-model-a-2026-week1-freeze-v1,2,2026-09-13T02:15:00.000Z,Arkansas,Utah,Arkansas,SLIGHT EDGE,-6.0,56.0,64.6,,,,,,,,,,,-9.5,54.5,DraftKings,,,,,,,,,,,,,,,,,,,,False
438d395b223cd37f95586962,401856811,,unmatched,2026-09-02T18:05:30.413229+00:00,production-model-a-2026-week1-freeze-v1,3,2026-09-19T00:00:00.000Z,Houston,Texas Tech,,ALIGNED,-13.5,54.0,80.1,,,,,,,,,,,-13.5,54.5,DraftKings,,,,,,,,,,,,,,,,,,,,False
a3ab6e00b1df268274ab3fa4,401856686,,unmatched,2026-09-02T18:05:30.413229+00:00,production-model-a-2026-week1-freeze-v1,3,2026-09-19T16:00:00.000Z,Georgia,Arkansas,Arkansas,SLIGHT EDGE,13.5,55.0,19.9,,,,,,,,,,,16.5,55.5,FanDuel,,,,,,,,,,,,,,,,,,,,False
c824489ec7a44b2f19ab7741,401858230,,unmatched,2026-09-02T18:05:30.413229+00:00,production-model-a-2026-week1-freeze-v1,3,2026-09-19T19:30:00.000Z,SMU,Louisville,,ALIGNED,-1.5,54.5,53.7,,,,,,,,,,,-1.5,56.5,DraftKings,,,,,,,,,,,,,,,,,,,,False
241003d2849962e5c54ed783,401856687,,unmatched,2026-09-02T18:05:30.413229+00:00,production-model-a-2026-week1-freeze-v1,3,2026-09-19T23:00:00.000Z,Florida,Auburn,Auburn,ALIGNED,0.0,53.0,50.0,,,,,,,,,,,1.5,53.5,DraftKings,,,,,,,,,,,,,,,,,,,,False
6579a551f55fe60bcd0a3339,401856688,,unmatched,2026-09-02T18:05:30.413229+00:00,production-model-a-2026-week1-freeze-v1,3,2026-09-19T23:30:00.000Z,LSU,Ole Miss,LSU,ALIGNED,0.5,53.5,48.8,,,,,,,,,,,-1.5,57.5,DraftKings,,,,,,,,,,,,,,,,,,,,False
16d28494fff73184c2603696,401856700,,unmatched,2026-09-02T18:05:30.413229+00:00,production-model-a-2026-week1-freeze-v1,4,2026-09-26T04:00:00.000Z,Oklahoma,Georgia,Oklahoma,ALIGNED,-9.0,54.0,71.3,,,,,,,,,,,-10.0,52.5,DraftKings,,,,,,,,,,,,,,,,,,,,False
17f7f97ed05d16a9afa20328,401856702,,unmatched,2026-09-02T18:05:30.413229+00:00,production-model-a-2026-week1-freeze-v1,4,2026-09-26T04:00:00.000Z,Texas A&M,LSU,,ALIGNED,-3.0,53.0,57.4,,,,,,,,,,,-3.0,57.5,DraftKings,,,,,,,,,,,,,,,,,,,,False
1a2d8c66a842981ff54342e4,401856704,,unmatched,2026-09-02T18:05:30.413229+00:00,production-model-a-2026-week1-freeze-v1,4,2026-09-26T16:00:00.000Z,Texas,Tennessee,Tennessee,EDGE,1.0,54.5,47.5,,,,,,,,,,,6.5,56.5,DraftKings,,,,,,,,,,,,,,,,,,,,False
c4078dd98103d3c9ac4c2bf3,401858249,,unmatched,2026-09-02T18:05:30.413229+00:00,production-model-a-2026-week1-freeze-v1,5,2026-10-03T04:00:00.000Z,Miami,Clemson,Clemson,SLIGHT EDGE,3.5,54.5,41.3,,,,,,,,,,,7.0,55.5,DraftKings,,,,,,,,,,,,,,,,,,,,False
cfcc75bd1a730cf4271c11ec,401856712,,unmatched,2026-09-02T18:05:30.413229+00:00,production-model-a-2026-week1-freeze-v1,6,2026-10-10T04:00:00.000Z,Georgia,Alabama,Georgia,ALIGNED,3.5,54.5,41.3,,,,,,,,,,,3.0,50.5,DraftKings,,,,,,,,,,,,,,,,,,,,False
137224eb9c30eaf63c442886,401856717,,unmatched,2026-09-02T18:05:30.413229+00:00,production-model-a-2026-week1-freeze-v1,6,2026-10-10T19:30:00.000Z,Texas,Oklahoma,Oklahoma,SLIGHT EDGE,3.0,52.5,42.6,,,,,,,,,,,6.0,48.5,DraftKings,,,,,,,,,,,,,,,,,,,,False
d01b5160827206e3ff175044,401856719,,unmatched,2026-09-02T18:05:30.413229+00:00,production-model-a-2026-week1-freeze-v1,7,2026-10-17T04:00:00.000Z,Auburn,Georgia,Auburn,ALIGNED,-14.5,55.0,81.8,,,,,,,,,,,-16.5,54.5,DraftKings,,,,,,,,,,,,,,,,,,,,False
8793b82ceb598fcebb8b97e9,401858488,,unmatched,2026-09-02T18:05:30.413229+00:00,production-model-a-2026-week1-freeze-v1,7,2026-10-17T04:00:00.000Z,Ohio State,Indiana,Ohio State,ALIGNED,2.5,58.5,43.8,,,,,,,,,,,1.5,48.5,DraftKings,,,,,,,,,,,,,,,,,,,,False
097d39431bc1a1cb25759327,401858490,,unmatched,2026-09-02T18:05:30.413229+00:00,production-model-a-2026-week1-freeze-v1,7,2026-10-17T04:00:00.000Z,Penn State,Michigan,Penn State,SLIGHT EDGE,-3.5,54.5,58.7,,,,,,,,,,,-6.5,51.5,DraftKings,,,,,,,,,,,,,,,,,,,,False
93a1566e7581c2a1e80ac6c5,401858492,,unmatched,2026-09-02T18:05:30.413229+00:00,production-model-a-2026-week1-freeze-v1,7,2026-10-17T04:00:00.000Z,Nebraska,Oregon,Nebraska,SLIGHT EDGE,-18.5,55.0,87.6,,,,,,,,,,,-21.5,51.5,DraftKings,,,,,,,,,,,,,,,,,,,,False
94fdf11d2357206fc5c4c815,401856723,,unmatched,2026-09-02T18:05:30.413229+00:00,production-model-a-2026-week1-freeze-v1,7,2026-10-17T04:00:00.000Z,Alabama,Tennessee,Tennessee,SLIGHT EDGE,-3.0,55.0,57.4,,,,,,,,,,,1.5,56.5,DraftKings,,,,,,,,,,,,,,,,,,,,False
41062fcbb571701d986bbfd8,401856809,,unmatched,2026-09-02T18:05:30.413229+00:00,production-model-a-2026-week1-freeze-v1,7,2026-10-17T04:00:00.000Z,Notre Dame,BYU,BYU,SLIGHT EDGE,6.0,56.0,35.4,,,,,,,,,,,10.0,54.5,DraftKings,,,,,,,,,,,,,,,,,,,,False
1fb15188648c671b7b956444,401856830,,unmatched,2026-09-02T18:05:30.413229+00:00,production-model-a-2026-week1-freeze-v1,7,2026-10-17T04:00:00.000Z,Kansas,Kansas State,Kansas,ALIGNED,-7.0,53.5,66.9,,,,,,,,,,,-7.5,54.5,DraftKings,,,,,,,,,,,,,,,,,,,,False
2ba86c1f8b4ead6a87f1b79c,401856727,,unmatched,2026-09-02T18:05:30.413229+00:00,production-model-a-2026-week1-freeze-v1,8,2026-10-24T04:00:00.000Z,Texas A&M,Alabama,Texas A&M,ALIGNED,-0.5,54.0,51.2,,,,,,,,,,,-2.5,54.5,DraftKings,,,,,,,,,,,,,,,,,,,,False
e606b96fb95ee4ac490747c5,401856732,,unmatched,2026-09-02T18:05:30.413229+00:00,production-model-a-2026-week1-freeze-v1,8,2026-10-24T04:00:00.000Z,Ole Miss,Texas,Ole Miss,ALIGNED,-8.0,54.0,69.1,,,,,,,,,,,-8.5,54.5,DraftKings,,,,,,,,,,,,,,,,,,,,False
8228504ed5824ea94ed6b7f3,401856837,,unmatched,2026-09-02T18:05:30.413229+00:00,production-model-a-2026-week1-freeze-v1,8,2026-10-24T04:00:00.000Z,Houston,Utah,Houston,ALIGNED,-5.0,55.0,62.3,,,,,,,,,,,-6.5,50.5,DraftKings,,,,,,,,,,,,,,,,,,,,False
b44f01db7a9a6c83e5421e00,401858496,,unmatched,2026-09-02T18:05:30.413229+00:00,production-model-a-2026-week1-freeze-v1,8,2026-10-24T04:00:00.000Z,Indiana,Michigan,Michigan,ALIGNED,3.5,56.0,41.3,,,,,,,,,,,6.0,52.5,DraftKings,,,,,,,,,,,,,,,,,,,,False
8a4ad9f51bd0c48c19bbefc6,401856734,,unmatched,2026-09-02T18:05:30.413229+00:00,production-model-a-2026-week1-freeze-v1,9,2026-10-31T19:30:00.000Z,Florida,Georgia,Florida,SLIGHT EDGE,-8.5,54.0,70.2,,,,,,,,,,,-12.5,53.5,DraftKings,,,,,,,,,,,,,,,,,,,,False
b7b315d03fa8dc4d0c547114,401856740,,unmatched,2026-09-02T18:05:30.413229+00:00,production-model-a-2026-week1-freeze-v1,10,2026-11-07T05:00:00.000Z,Alabama,LSU,LSU,ALIGNED,-5.5,52.5,63.4,,,,,,,,,,,-3.5,54.5,DraftKings,,,,,,,,,,,,,,,,,,,,False
1c5c93415250b5c294b42f29,401856741,,unmatched,2026-09-02T18:05:30.413229+00:00,production-model-a-2026-week1-freeze-v1,10,2026-11-07T05:00:00.000Z,Georgia,Ole Miss,Georgia,ALIGNED,5.0,56.0,37.7,,,,,,,,,,,4.5,55.5,DraftKings,,,,,,,,,,,,,,,,,,,,False
fda4d7a5ef0457e91d8fa49e,401856849,,unmatched,2026-09-02T18:05:30.413229+00:00,production-model-a-2026-week1-freeze-v1,10,2026-11-07T05:00:00.000Z,BYU,Utah,BYU,SLIGHT EDGE,1.0,56.0,47.5,,,,,,,,,,,-3.0,51.5,DraftKings,,,,,,,,,,,,,,,,,,,,False
22241e0dd91ea697b3802666,401858511,,unmatched,2026-09-02T18:05:30.413229+00:00,production-model-a-2026-week1-freeze-v1,10,2026-11-07T05:00:00.000Z,Michigan State,Michigan,Michigan State,ALIGNED,-14.5,52.5,81.8,,,,,,,,,,,-16.5,50.5,DraftKings,,,,,,,,,,,,,,,,,,,,False
4a84a62d74a3fe783f801244,401858514,,unmatched,2026-09-02T18:05:30.413229+00:00,production-model-a-2026-week1-freeze-v1,10,2026-11-07T05:00:00.000Z,Oregon,Ohio State,,ALIGNED,-6.0,57.5,64.6,,,,,,,,,,,-6.0,52.5,DraftKings,,,,,,,,,,,,,,,,,,,,False
3453bf5433a5da044d25ae61,401858291,,unmatched,2026-09-02T18:05:30.413229+00:00,production-model-a-2026-week1-freeze-v1,10,2026-11-08T00:30:00.000Z,Miami,Notre Dame,,ALIGNED,-6.5,56.5,65.8,,,,,,,,,,,-6.5,54.5,DraftKings,,,,,,,,,,,,,,,,,,,,False
4ee8751ea41e705e120986c8,401858523,,unmatched,2026-09-02T18:05:30.413229+00:00,production-model-a-2026-week1-freeze-v1,11,2026-11-14T05:00:00.000Z,Michigan,Oregon,Michigan,ALIGNED,-13.0,55.0,79.2,,,,,,,,,,,-13.5,53.5,DraftKings,,,,,,,,,,,,,,,,,,,,False
e7f5b9caa1fc0c8a64bb4b5c,401858296,,unmatched,2026-09-02T18:05:30.413229+00:00,production-model-a-2026-week1-freeze-v1,11,2026-11-14T05:00:00.000Z,Duke,Miami,Duke,EDGE,-15.0,54.5,82.6,,,,,,,,,,,-21.0,55.5,DraftKings,,,,,,,,,,,,,,,,,,,,False
c818c2114cb7e616ba2a8b7a,401856888,,unmatched,2026-09-02T18:05:30.413229+00:00,production-model-a-2026-week1-freeze-v1,11,2026-11-14T05:00:00.000Z,Tennessee,Texas A&M,Tennessee,ALIGNED,-6.0,55.5,64.6,,,,,,,,,,,-8.5,55.5,DraftKings,,,,,,,,,,,,,,,,,,,,False
f5edc1c30389becda6bf5d2b,401856887,,unmatched,2026-09-02T18:05:30.413229+00:00,production-model-a-2026-week1-freeze-v1,11,2026-11-14T05:00:00.000Z,Ole Miss,Oklahoma,Oklahoma,ALIGNED,-4.5,54.0,61.1,,,,,,,,,,,-4.0,53.5,DraftKings,,,,,,,,,,,,,,,,,,,,False
4a3b9d530641132b934104d7,401856885,,unmatched,2026-09-02T18:05:30.413229+00:00,production-model-a-2026-week1-freeze-v1,11,2026-11-14T05:00:00.000Z,Texas,LSU,LSU,SLIGHT EDGE,-1.5,52.0,53.7,,,,,,,,,,,2.5,54.5,DraftKings,,,,,,,,,,,,,,,,,,,,False
8d167b8433b70543a6793404,401856863,,unmatched,2026-09-02T18:05:30.413229+00:00,production-model-a-2026-week1-freeze-v1,11,2026-11-14T05:00:00.000Z,Texas Tech,Oklahoma State,Oklahoma State,EDGE,9.0,52.0,28.7,,,,,,,,,,,15.5,61.5,DraftKings,,,,,,,,,,,,,,,,,,,,False
d06308bc1d940e20522e6446,401856752,,unmatched,2026-09-02T18:05:30.413229+00:00,production-model-a-2026-week1-freeze-v1,12,2026-11-21T05:00:00.000Z,Texas A&M,Oklahoma,Texas A&M,ALIGNED,-1.5,53.5,53.7,,,,,,,,,,,-2.5,51.5,DraftKings,,,,,,,,,,,,,,,,,,,,False
e7cc483166d6f5627cb463ed,401856754,,unmatched,2026-09-02T18:05:30.413229+00:00,production-model-a-2026-week1-freeze-v1,12,2026-11-21T05:00:00.000Z,LSU,Tennessee,Tennessee,ALIGNED,-1.0,54.0,52.5,,,,,,,,,,,1.5,57.5,DraftKings,,,,,,,,,,,,,,,,,,,,False
7ce5f6747344520c6ea5ceb3,401858302,,unmatched,2026-09-02T18:05:30.413229+00:00,production-model-a-2026-week1-freeze-v1,12,2026-11-21T05:00:00.000Z,Virginia Tech,Miami,Virginia Tech,SLIGHT EDGE,-12.5,53.0,78.3,,,,,,,,,,,-16.5,56.5,DraftKings,,,,,,,,,,,,,,,,,,,,False
ac80696ed08f6e88aa51166d,401858307,,unmatched,2026-09-02T18:05:30.413229+00:00,production-model-a-2026-week1-freeze-v1,12,2026-11-22T00:30:00.000Z,SMU,Notre Dame,SMU,SLIGHT EDGE,-14.0,56.0,80.9,,,,,,,,,,,-17.5,56.5,DraftKings,,,,,,,,,,,,,,,,,,,,False
4dfc24941504353a5363898e,401856762,,unmatched,2026-09-02T18:05:30.413229+00:00,production-model-a-2026-week1-freeze-v1,13,2026-11-27T17:00:00.000Z,Mississippi State,Ole Miss,Mississippi State,SLIGHT EDGE,-11.5,53.5,76.4,,,,,,,,,,,-14.5,56.5,DraftKings,,,,,,,,,,,,,,,,,,,,False
c2acc9a711d274417508f903,401856756,,unmatched,2026-09-02T18:05:30.413229+00:00,production-model-a-2026-week1-freeze-v1,13,2026-11-28T00:30:00.000Z,Texas,Texas A&M,Texas A&M,SLIGHT EDGE,-1.5,53.5,53.7,,,,,,,,,,,2.5,53.5,DraftKings,,,,,,,,,,,,,,,,,,,,False
c7d1f0331f66c12f119ae0be,401858541,,unmatched,2026-09-02T18:05:30.413229+00:00,production-model-a-2026-week1-freeze-v1,13,2026-11-28T05:00:00.000Z,Washington,Oregon,Washington,ALIGNED,-13.5,56.5,80.1,,,,,,,,,,,-15.5,54.5,DraftKings,,,,,,,,,,,,,,,,,,,,False
8f6da571dfa160d2f7bea4b9,401856757,,unmatched,2026-09-02T18:05:30.413229+00:00,production-model-a-2026-week1-freeze-v1,13,2026-11-28T05:00:00.000Z,Auburn,Alabama,Auburn,ALIGNED,-8.0,54.0,69.1,,,,,,,,,,,-10.0,53.5,DraftKings,,,,,,,,,,,,,,,,,,,,False
ece0518322d1f3b0b53a9f58,401856764,,unmatched,2026-09-02T18:05:30.413229+00:00,production-model-a-2026-week1-freeze-v1,13,2026-11-28T05:00:00.000Z,South Carolina,Clemson,Clemson,ALIGNED,-3.5,52.0,58.7,,,,,,,,,,,-3.0,53.5,DraftKings,,,,,,,,,,,,,,,,,,,,False
0a4818a10c96ff5670628c91,401856765,,unmatched,2026-09-02T18:05:30.413229+00:00,production-model-a-2026-week1-freeze-v1,13,2026-11-28T05:00:00.000Z,Tennessee,Vanderbilt,Tennessee,ALIGNED,4.0,57.0,40.1,,,,,,,,,,,3.0,57.5,DraftKings,,,,,,,,,,,,,,,,,,,,False
f59b03ac8d5e76c25d5c9191,401856873,,unmatched,2026-09-02T18:05:30.413229+00:00,production-model-a-2026-week1-freeze-v1,13,2026-11-28T05:00:00.000Z,Arizona State,Arizona,Arizona,ALIGNED,-5.5,53.0,63.4,,,,,,,,,,,-4.5,52.5,DraftKings,,,,,,,,,,,,,,,,,,,,False
566274cb3a31b5058f9254d9,401858537,,unmatched,2026-09-02T18:05:30.413229+00:00,production-model-a-2026-week1-freeze-v1,13,2026-11-28T05:00:00.000Z,Illinois,Northwestern,Northwestern,ALIGNED,2.5,53.5,43.8,,,,,,,,,,,3.5,52.5,DraftKings,,,,,,,,,,,,,,,,,,,,False
8c7b294bbb1a0dc545cee231,401858540,,unmatched,2026-09-02T18:05:30.413229+00:00,production-model-a-2026-week1-freeze-v1,13,2026-11-28T17:00:00.000Z,Michigan,Ohio State,Ohio State,ALIGNED,-15.5,56.0,83.4,,,,,,,,,,,-13.5,46.5,DraftKings,,,,,,,,,,,,,,,,,,,,False
d9d07611904367a00605bc5c,401858204,,unmatched,2026-09-02T22:21:52.386520+00:00,production-model-a-2026-week1-freeze-v1,1,2026-09-03T23:00:00.000Z,Akron,Wake Forest,Akron,ALIGNED,-22.0,51.5,91.5,,,,,,,,,,,-24.5,48.5,DraftKings,,,,,,,-27.5,-3.0,,,,,,,,,,,,False
636bacfbd4e065bc5d806a2e,401856776,,unmatched,2026-09-02T22:21:52.386520+00:00,production-model-a-2026-week1-freeze-v1,1,2026-09-04T00:00:00.000Z,Colorado,Georgia Tech,Colorado,ALIGNED,-6.0,52.5,64.6,,,,,,,,,,,-6.5,51.5,DraftKings,,,,,,,-6.5,0.0,,,,,,,,,,,,False
3e33118cd8d7ea4947f850e8,401858424,,unmatched,2026-09-02T22:21:52.386520+00:00,production-model-a-2026-week1-freeze-v1,1,2026-09-04T01:00:00.000Z,UAB,Illinois,UAB,SLIGHT EDGE,-23.5,52.5,92.9,,,,,,,,,,,-27.5,54.5,DraftKings,,,,,,,-25.5,2.0,,,,,,,,,,,,False
c184e51f1d01a4ab6bc06d5a,401864495,,unmatched,2026-09-02T22:21:52.386520+00:00,production-model-a-2026-week1-freeze-v1,1,2026-09-04T22:30:00.000Z,San Jose State,Eastern Michigan,Eastern Michigan,ALIGNED,-5.0,52.5,62.3,,,,,,,,,,,-3.0,56.5,DraftKings,,,,,,,,,,,,,,,,,,,,False
645115a36823760d17d48449,401858429,,unmatched,2026-09-02T22:21:52.386520+00:00,production-model-a-2026-week1-freeze-v1,1,2026-09-05T00:00:00.000Z,Toledo,Michigan State,Michigan State,ALIGNED,-10.5,53.5,74.4,,,,,,,,,,,-9.5,46.5,DraftKings,,,,,,,,,,,,,,,,,,,,False
8e11348c86552a26696c1cb2,401856664,,unmatched,2026-09-02T22:21:52.386520+00:00,production-model-a-2026-week1-freeze-v1,1,2026-09-05T00:00:00.000Z,UTEP,Oklahoma,UTEP,STRONG EDGE,-32.0,50.5,97.7,,,,,,,,,,,-40.5,51.5,DraftKings,,,,,,,,,,,,,,,,,,,,False
de6aa4d267aedbe77f82bc29,401858436,,unmatched,2026-09-02T22:21:52.386520+00:00,production-model-a-2026-week1-freeze-v1,1,2026-09-05T01:00:00.000Z,Fresno State,USC,Fresno State,STRONG EDGE,-14.0,54.5,80.9,,,,,,,,,,,-22.5,51.5,DraftKings,,,,,,,,,,,,,,,,,,,,False
e5623b04cd0282f062e536ef,401858206,,unmatched,2026-09-02T22:21:52.386520+00:00,production-model-a-2026-week1-freeze-v1,1,2026-09-05T01:00:00.000Z,Miami,Stanford,Stanford,STRONG EDGE,15.0,53.0,17.4,,,,,,,,,,,24.5,48.5,DraftKings,,,,,,,,,,,,,,,,,,,,False
ddf3d6032fcbadaacc56fc24,401869960,,unmatched,2026-09-02T22:21:52.386520+00:00,production-model-a-2026-week1-freeze-v1,1,2026-09-05T16:00:00.000Z,Liberty,James Madison,Liberty,ALIGNED,-5.5,54.0,63.4,,,,,,,,,,,-6.0,50.5,DraftKings,,,,,,,,,,,,,,,,,,,,False
7ea8e174a5e81cfb66ac8222,401858430,,unmatched,2026-09-02T22:21:52.386520+00:00,production-model-a-2026-week1-freeze-v1,1,2026-09-05T16:00:00.000Z,Ohio,Nebraska,Ohio,SLIGHT EDGE,-19.0,53.5,88.2,,,,,,,,,,,-23.5,46.5,DraftKings,,,,,,,,,,,,,,,,,,,,False
993a2ce189ae77dac0d9265e,401856780,,unmatched,2026-09-02T22:21:52.386520+00:00,production-model-a-2026-week1-freeze-v1,1,2026-09-05T16:00:00.000Z,Coastal Carolina,West Virginia,Coastal Carolina,STRONG EDGE,-12.5,50.0,78.3,,,,,,,,,,,-21.0,56.5,DraftKings,,,,,,,,,,,,,,,,,,,,False
def9ca9991fba135037180d4,401858425,,unmatched,2026-09-02T22:21:52.386520+00:00,production-model-a-2026-week1-freeze-v1,1,2026-09-05T16:00:00.000Z,North Texas,Indiana,North Texas,STRONG EDGE,-31.5,57.5,97.6,,,,,,,,,,,-40.5,55.5,DraftKings,,,,,,,,,,,,,,,,,,,,False
321f29628b40265fe7da5930,401856778,,unmatched,2026-09-02T22:21:52.386520+00:00,production-model-a-2026-week1-freeze-v1,1,2026-09-05T16:00:00.000Z,Oregon State,Houston,Oregon State,STRONG EDGE,-12.0,52.0,77.3,,,,,,,,,,,-20.5,49.5,DraftKings,,,,,,,,,,,,,,,,,,,,False
1849f9597873f974bcbd5381,401856634,,unmatched,2026-09-02T22:21:52.386520+00:00,production-model-a-2026-week1-freeze-v1,1,2026-09-05T16:00:00.000Z,East Carolina,Alabama,East Carolina,STRONG EDGE,-18.5,54.5,87.6,,,,,,,,,,,-28.5,52.5,DraftKings,,,,,,,,,,,,,,,,,,,,False
03231e8f3f9b8b5430a62d73,401858207,,unmatched,2026-09-02T22:21:52.386520+00:00,production-model-a-2026-week1-freeze-v1,1,2026-09-05T16:30:00.000Z,Miami (OH),Pittsburgh,Miami (OH),EDGE,-10.0,52.5,73.4,,,,,,,,,,,-16.5,48.5,DraftKings,,,,,,,,,,,,,,,,,,,,False
9c08b99a90e0ba6ea4952a66,401858432,,unmatched,2026-09-02T22:21:52.386520+00:00,production-model-a-2026-week1-freeze-v1,1,2026-09-05T16:30:00.000Z,Ball State,Ohio State,Ball State,ALIGNED,-48.0,53.0,99.0,,,,,,,,,,,-50.5,55.5,DraftKings,,,,,,,,,,,,,,,,,,,,False
831c6471f83f302c85ced344,401856665,,unmatched,2026-09-02T22:21:52.386520+00:00,production-model-a-2026-week1-freeze-v1,1,2026-09-05T16:45:00.000Z,Kent State,South Carolina,Kent State,EDGE,-29.5,50.5,96.7,,,,,,,,,,,-35.5,54.5,DraftKings,,,,,,,,,,,,,,,,,,,,False
e953cd7c3782d4c3a4262897,401858433,,unmatched,2026-09-02T22:21:52.386520+00:00,production-model-a-2026-week1-freeze-v1,1,2026-09-05T19:30:00.000Z,Boise State,Oregon,Boise State,ALIGNED,-22.0,55.0,91.5,,,,,,,,,,,-24.5,51.5,DraftKings,,,,,,,,,,,,,,,,,,,,False
53b46bca4402b678500683c5,401856777,,unmatched,2026-09-02T22:21:52.386520+00:00,production-model-a-2026-week1-freeze-v1,1,2026-09-05T19:30:00.000Z,Boston College,Cincinnati,Boston College,ALIGNED,-6.0,53.0,64.6,,,,,,,,,,,-7.5,49.5,FanDuel,,,,,,,,,,,,,,,,,,,,False
6ec4524f994d3d4bf61d0b2c,401856636,,unmatched,2026-09-02T22:21:52.386520+00:00,production-model-a-2026-week1-freeze-v1,1,2026-09-05T19:30:00.000Z,Baylor,Auburn,Baylor,ALIGNED,-6.0,53.5,64.6,,,,,,,,,,,-7.5,59.5,DraftKings,,,,,,,,,,,,,,,,,,,,False
91542fc6ebcc68f29e0ac7cd,401858434,,unmatched,2026-09-02T22:21:52.386520+00:00,production-model-a-2026-week1-freeze-v1,1,2026-09-05T19:30:00.000Z,Marshall,Penn State,Marshall,ALIGNED,-22.0,54.0,91.5,,,,,,,,,,,-24.5,52.5,DraftKings,,,,,,,,,,,,,,,,,,,,False
68cf6617985fa5fdec355239,401856667,,unmatched,2026-09-02T22:21:52.386520+00:00,production-model-a-2026-week1-freeze-v1,1,2026-09-05T19:30:00.000Z,Texas State,Texas,Texas State,STRONG EDGE,-22.0,54.0,91.5,,,,,,,,,,,-29.5,59.5,DraftKings,,,,,,,,,,,,,,,,,,,,False
0e44413eab6b3d1854655ae6,401858209,,unmatched,2026-09-02T22:21:52.386520+00:00,production-model-a-2026-week1-freeze-v1,1,2026-09-05T19:30:00.000Z,Tulane,Duke,Duke,ALIGNED,-10.0,54.0,73.4,,,,,,,,,,,-7.5,51.5,DraftKings,,,,,,,,,,,,,,,,,,,,False
c00dc693d8c972e76bc319f4,401856772,,unmatched,2026-09-02T22:21:52.386520+00:00,production-model-a-2026-week1-freeze-v1,1,2026-09-05T19:45:00.000Z,Oklahoma State,Tulsa,Tulsa,SLIGHT EDGE,8.5,49.5,29.8,,,,,,,,,,,13.5,59.5,DraftKings,,,,,,,,,,,,,,,,,,,,False
e137fc141608f6eefdebc277,401858426,,unmatched,2026-09-02T22:21:52.386520+00:00,production-model-a-2026-week1-freeze-v1,1,2026-09-05T20:15:00.000Z,Northern Illinois,Iowa,Northern Illinois,SLIGHT EDGE,-27.0,51.5,95.4,,,,,,,,,,,-31.5,44.5,DraftKings,,,,,,,,,,,,,,,,,,,,False
b71d6d529c4313d6b9851fb9,401860878,,unmatched,2026-09-02T22:21:52.386520+00:00,production-model-a-2026-week1-freeze-v1,1,2026-09-05T22:00:00.000Z,Wyoming,Colorado State,Wyoming,ALIGNED,-1.5,51.0,53.7,,,,,,,,,,,-3.0,46.5,DraftKings,,,,,,,,,,,,,,,,,,,,False
855ebfe1f214ca9b322e8d9f,401862699,,unmatched,2026-09-02T22:21:52.386520+00:00,production-model-a-2026-week1-freeze-v1,1,2026-09-05T23:00:00.000Z,Florida International,South Florida,Florida International,ALIGNED,-11.5,54.0,76.4,,,,,,,,,,,-14.0,52.5,DraftKings,,,,,,,,,,,,,,,,,,,,False
2e336177fb5db6da71ac6acf,401856668,,unmatched,2026-09-02T22:21:52.386520+00:00,production-model-a-2026-week1-freeze-v1,1,2026-09-05T23:00:00.000Z,Missouri State,Texas A&M,Missouri State,EDGE,-34.0,53.0,98.3,,,,,,,,,,,-40.5,53.5,DraftKings,,,,,,,,,,,,,,,,,,,,False
3ff5d6152e32c1705c6ad9c8,401862695,,unmatched,2026-09-02T22:21:52.386520+00:00,production-model-a-2026-week1-freeze-v1,1,2026-09-05T23:00:00.000Z,Arkansas State,Memphis,Memphis,ALIGNED,-13.0,52.5,79.2,,,,,,,,,,,-11.5,52.5,DraftKings,,,,,,,,,,,,,,,,,,,,False
bcedf88d367a34b7d869faa2,401858428,,unmatched,2026-09-02T22:21:52.386520+00:00,production-model-a-2026-week1-freeze-v1,1,2026-09-05T23:30:00.000Z,Western Michigan,Michigan,Western Michigan,EDGE,-20.5,53.5,90.0,,,,,,,,,,,-27.5,48.5,DraftKings,,,,,,,,,,,,,,,,,,,,False
0c979a20e64dc5a6d147bef4,401856660,,unmatched,2026-09-02T22:21:52.386520+00:00,production-model-a-2026-week1-freeze-v1,1,2026-09-05T23:30:00.000Z,Clemson,LSU,Clemson,ALIGNED,-9.0,52.5,71.3,,,,,,,,,,,-10.0,50.5,DraftKings,,,,,,,,,,,,,,,,,,,,False
e1c951cfce2ca7329f3f2c4c,401856662,,unmatched,2026-09-02T22:21:52.386520+00:00,production-model-a-2026-week1-freeze-v1,1,2026-09-05T23:30:00.000Z,UL Monroe,Mississippi State,,ALIGNED,-28.5,50.5,96.3,,,,,,,,,,,-28.5,54.5,DraftKings,,,,,,,,,,,,,,,,,,,,False
0315b9dff7d73ba9ac5b37c5,401856637,,unmatched,2026-09-02T22:21:52.386520+00:00,production-model-a-2026-week1-freeze-v1,1,2026-09-05T23:45:00.000Z,Florida Atlantic,Florida,Florida Atlantic,EDGE,-19.5,52.0,88.9,,,,,,,,,,,-26.5,59.5,DraftKings,,,,,,,,,,,,,,,,,,,,False
8ca18ec86e02f7f61463c00e,401864497,,unmatched,2026-09-02T22:21:52.386520+00:00,production-model-a-2026-week1-freeze-v1,1,2026-09-06T02:00:00.000Z,UNLV,Hawai'i,Hawai'i,SLIGHT EDGE,0.0,52.0,50.0,,,,,,,,,,,3.0,56.5,DraftKings,,,,,,,,,,,,,,,,,,,,False
bd4eb41ca8900f76c769e969,401864498,,unmatched,2026-09-02T22:21:52.386520+00:00,production-model-a-2026-week1-freeze-v1,1,2026-09-06T02:00:00.000Z,Central Michigan,New Mexico,New Mexico,SLIGHT EDGE,-13.5,52.5,80.1,,,,,,,,,,,-10.5,46.5,DraftKings,,,,,,,,,,,,,,,,,,,,False
3001a9cc65ad8d22e4682ebc,401864432,,unmatched,2026-09-02T22:21:52.386520+00:00,production-model-a-2026-week1-freeze-v1,1,2026-09-06T02:30:00.000Z,Western Kentucky,Nevada,,ALIGNED,1.5,51.0,46.3,,,,,,,,,,,1.5,52.5,DraftKings,,,,,,,,,,,,,,,,,,,,False
2125d170307605c9eb98c94c,401858210,,unmatched,2026-09-02T22:21:52.386520+00:00,production-model-a-2026-week1-freeze-v1,1,2026-09-06T02:30:00.000Z,UCLA,California,California,ALIGNED,-0.5,51.5,51.2,,,,,,,,,,,1.5,53.5,DraftKings,,,,,,,,,,,,,,,,,,,,False
4a7d50b685ce6b4e3292058d,401858437,,unmatched,2026-09-02T22:21:52.386520+00:00,production-model-a-2026-week1-freeze-v1,1,2026-09-06T20:00:00.000Z,Washington State,Washington,Washington State,SLIGHT EDGE,-18.5,55.0,87.6,,,,,,,,,,,-23.5,50.5,DraftKings,,,,,,,,,,,,,,,,,,,,False
4bcf1a0b98dbb581e11be27a,401858438,,unmatched,2026-09-02T22:21:52.386520+00:00,production-model-a-2026-week1-freeze-v1,1,2026-09-06T23:30:00.000Z,Wisconsin,Notre Dame,Wisconsin,SLIGHT EDGE,-17.5,53.0,86.3,,,,,,,,,,,-20.5,47.5,DraftKings,,,,,,,,,,,,,,,,,,,,False
3b126e0e9514ec50c5e085a6,401856661,,unmatched,2026-09-02T22:21:52.386520+00:00,production-model-a-2026-week1-freeze-v1,1,2026-09-06T23:30:00.000Z,Louisville,Ole Miss,Louisville,ALIGNED,-4.0,55.0,59.9,,,,,,,,,,,-6.5,55.5,DraftKings,,,,,,,,,,,,,,,,,,,,False
3bebb253116430ca244f61df,401858212,,unmatched,2026-09-02T22:21:52.386520+00:00,production-model-a-2026-week1-freeze-v1,1,2026-09-07T23:30:00.000Z,SMU,Florida State,Florida State,SLIGHT EDGE,-0.5,54.5,51.2,,,,,,,,,,,3.0,52.5,DraftKings,,,,,,,,,,,,,,,,,,,,False
c2ebae18d5c8a40c9f5e4737,401856678,,unmatched,2026-09-02T22:21:52.386520+00:00,production-model-a-2026-week1-freeze-v1,2,2026-09-12T00:00:00.000Z,Missouri,Kansas,,ALIGNED,7.0,54.5,33.1,,,,,,,,,,,7.0,53.5,DraftKings,,,,,,,,,,,,,,,,,,,,False
9e72355d9f8afd5d79860101,401856683,,unmatched,2026-09-02T22:21:52.386520+00:00,production-model-a-2026-week1-freeze-v1,2,2026-09-12T16:00:00.000Z,Arizona State,Texas A&M,Texas A&M,ALIGNED,-15.5,53.5,83.4,,,,,,,,,,,-14.5,51.5,DraftKings,,,,,,,,,,,,,,,,,,,,False
7357cadfcd2b0a249bbf8604,401856679,,unmatched,2026-09-02T22:21:52.386520+00:00,production-model-a-2026-week1-freeze-v1,2,2026-09-12T16:00:00.000Z,Oklahoma,Michigan,,ALIGNED,-1.5,53.0,53.7,,,,,,,,,,,-1.5,46.5,DraftKings,,,,,,,,,,,,,,,,,,,,False
a2203d68245b0a2246bc7464,401856782,,unmatched,2026-09-02T22:21:52.386520+00:00,production-model-a-2026-week1-freeze-v1,2,2026-09-12T16:00:00.000Z,Oregon,Oklahoma State,Oklahoma State,SLIGHT EDGE,14.5,52.0,18.2,,,,,,,,,,,18.5,60.5,DraftKings,,,,,,,,,,,,,,,,,,,,False
526f6f653b88957947964d81,401856682,,unmatched,2026-09-02T22:21:52.386520+00:00,production-model-a-2026-week1-freeze-v1,2,2026-09-12T23:30:00.000Z,Ohio State,Texas,Ohio State,EDGE,4.5,55.5,38.9,,,,,,,,,,,-1.5,47.5,DraftKings,,,,,,,,,,,,,,,,,,,,False
3af38cd4d4ada6f6c293e80e,401856788,,unmatched,2026-09-02T22:21:52.386520+00:00,production-model-a-2026-week1-freeze-v1,2,2026-09-12T23:30:00.000Z,Iowa State,Iowa,Iowa,SLIGHT EDGE,-14.5,54.0,81.8,,,,,,,,,,,-11.5,41.5,DraftKings,,,,,,,,,,,,,,,,,,,,False
eabba45bed250068cde5f984,401856670,,unmatched,2026-09-02T22:21:52.386520+00:00,production-model-a-2026-week1-freeze-v1,2,2026-09-13T02:15:00.000Z,Arkansas,Utah,Arkansas,SLIGHT EDGE,-6.0,56.0,64.6,,,,,,,,,,,-9.5,54.5,DraftKings,,,,,,,,,,,,,,,,,,,,False
bc994b6a477ab2ccf7c8ea9b,401856811,,unmatched,2026-09-02T22:21:52.386520+00:00,production-model-a-2026-week1-freeze-v1,3,2026-09-19T00:00:00.000Z,Houston,Texas Tech,,ALIGNED,-13.5,54.0,80.1,,,,,,,,,,,-13.5,54.5,DraftKings,,,,,,,,,,,,,,,,,,,,False
805282e558dcb3253e5b3c7e,401856686,,unmatched,2026-09-02T22:21:52.386520+00:00,production-model-a-2026-week1-freeze-v1,3,2026-09-19T16:00:00.000Z,Georgia,Arkansas,Arkansas,SLIGHT EDGE,13.5,55.0,19.9,,,,,,,,,,,16.5,55.5,FanDuel,,,,,,,,,,,,,,,,,,,,False
08f984425115a7cfa1d0b274,401858230,,unmatched,2026-09-02T22:21:52.386520+00:00,production-model-a-2026-week1-freeze-v1,3,2026-09-19T19:30:00.000Z,SMU,Louisville,,ALIGNED,-1.5,54.5,53.7,,,,,,,,,,,-1.5,56.5,DraftKings,,,,,,,,,,,,,,,,,,,,False
3f6db525d3fcb6343d591b5e,401856687,,unmatched,2026-09-02T22:21:52.386520+00:00,production-model-a-2026-week1-freeze-v1,3,2026-09-19T23:00:00.000Z,Florida,Auburn,Auburn,ALIGNED,0.0,53.0,50.0,,,,,,,,,,,1.5,53.5,DraftKings,,,,,,,,,,,,,,,,,,,,False
69e7d0092dcde7c60f88c544,401856688,,unmatched,2026-09-02T22:21:52.386520+00:00,production-model-a-2026-week1-freeze-v1,3,2026-09-19T23:30:00.000Z,LSU,Ole Miss,LSU,ALIGNED,0.5,53.5,48.8,,,,,,,,,,,-1.5,57.5,DraftKings,,,,,,,,,,,,,,,,,,,,False
8a342d283249c1dd9b25b769,401856700,,unmatched,2026-09-02T22:21:52.386520+00:00,production-model-a-2026-week1-freeze-v1,4,2026-09-26T04:00:00.000Z,Oklahoma,Georgia,Oklahoma,ALIGNED,-9.0,54.0,71.3,,,,,,,,,,,-10.0,52.5,DraftKings,,,,,,,,,,,,,,,,,,,,False
d64df7938a3a94d0ca9476e8,401856702,,unmatched,2026-09-02T22:21:52.386520+00:00,production-model-a-2026-week1-freeze-v1,4,2026-09-26T04:00:00.000Z,Texas A&M,LSU,,ALIGNED,-3.0,53.0,57.4,,,,,,,,,,,-3.0,56.5,DraftKings,,,,,,,,,,,,,,,,,,,,False
3d0987b5c9bd5dc020ce0b0a,401856704,,unmatched,2026-09-02T22:21:52.386520+00:00,production-model-a-2026-week1-freeze-v1,4,2026-09-26T16:00:00.000Z,Texas,Tennessee,Tennessee,EDGE,1.0,54.5,47.5,,,,,,,,,,,6.5,56.5,DraftKings,,,,,,,,,,,,,,,,,,,,False
0548ea6b590a69be70c8529c,401858249,,unmatched,2026-09-02T22:21:52.386520+00:00,production-model-a-2026-week1-freeze-v1,5,2026-10-03T04:00:00.000Z,Miami,Clemson,Clemson,SLIGHT EDGE,3.5,54.5,41.3,,,,,,,,,,,7.0,55.5,DraftKings,,,,,,,,,,,,,,,,,,,,False
9e17fddc212715943b88c241,401856712,,unmatched,2026-09-02T22:21:52.386520+00:00,production-model-a-2026-week1-freeze-v1,6,2026-10-10T04:00:00.000Z,Georgia,Alabama,Georgia,ALIGNED,3.5,54.5,41.3,,,,,,,,,,,3.0,50.5,DraftKings,,,,,,,,,,,,,,,,,,,,False
610522bc8ffbd7709a354642,401856717,,unmatched,2026-09-02T22:21:52.386520+00:00,production-model-a-2026-week1-freeze-v1,6,2026-10-10T19:30:00.000Z,Texas,Oklahoma,Oklahoma,SLIGHT EDGE,3.0,52.5,42.6,,,,,,,,,,,6.0,48.5,DraftKings,,,,,,,,,,,,,,,,,,,,False
30d8befe38c39c578d302a8c,401856719,,unmatched,2026-09-02T22:21:52.386520+00:00,production-model-a-2026-week1-freeze-v1,7,2026-10-17T04:00:00.000Z,Auburn,Georgia,Auburn,ALIGNED,-14.5,55.0,81.8,,,,,,,,,,,-16.5,54.5,DraftKings,,,,,,,,,,,,,,,,,,,,False
bbaea1db3a087e8691cd6963,401858488,,unmatched,2026-09-02T22:21:52.386520+00:00,production-model-a-2026-week1-freeze-v1,7,2026-10-17T04:00:00.000Z,Ohio State,Indiana,Ohio State,SLIGHT EDGE,2.5,58.5,43.8,,,,,,,,,,,-1.5,48.5,DraftKings,,,,,,,,,,,,,,,,,,,,False
22168482d2c47a2e074a1f52,401858490,,unmatched,2026-09-02T22:21:52.386520+00:00,production-model-a-2026-week1-freeze-v1,7,2026-10-17T04:00:00.000Z,Penn State,Michigan,Penn State,SLIGHT EDGE,-3.5,54.5,58.7,,,,,,,,,,,-6.5,51.5,DraftKings,,,,,,,,,,,,,,,,,,,,False
a5c5cf638b40855d23ce8108,401858492,,unmatched,2026-09-02T22:21:52.386520+00:00,production-model-a-2026-week1-freeze-v1,7,2026-10-17T04:00:00.000Z,Nebraska,Oregon,Nebraska,SLIGHT EDGE,-18.5,55.0,87.6,,,,,,,,,,,-21.5,51.5,DraftKings,,,,,,,,,,,,,,,,,,,,False
cbb337fcd0133b4048a0d134,401856723,,unmatched,2026-09-02T22:21:52.386520+00:00,production-model-a-2026-week1-freeze-v1,7,2026-10-17T04:00:00.000Z,Alabama,Tennessee,Tennessee,SLIGHT EDGE,-3.0,55.0,57.4,,,,,,,,,,,1.5,56.5,DraftKings,,,,,,,,,,,,,,,,,,,,False
b816e3aaa51e18f6f0b43b1f,401856809,,unmatched,2026-09-02T22:21:52.386520+00:00,production-model-a-2026-week1-freeze-v1,7,2026-10-17T04:00:00.000Z,Notre Dame,BYU,BYU,SLIGHT EDGE,6.0,56.0,35.4,,,,,,,,,,,10.0,54.5,DraftKings,,,,,,,,,,,,,,,,,,,,False
cd4d9a2a14b49de750549c40,401856830,,unmatched,2026-09-02T22:21:52.386520+00:00,production-model-a-2026-week1-freeze-v1,7,2026-10-17T04:00:00.000Z,Kansas,Kansas State,Kansas,ALIGNED,-7.0,53.5,66.9,,,,,,,,,,,-7.5,54.5,DraftKings,,,,,,,,,,,,,,,,,,,,False
bc301f8e0f5f1bf1fc39bcef,401856727,,unmatched,2026-09-02T22:21:52.386520+00:00,production-model-a-2026-week1-freeze-v1,8,2026-10-24T04:00:00.000Z,Texas A&M,Alabama,Texas A&M,ALIGNED,-0.5,54.0,51.2,,,,,,,,,,,-2.5,54.5,DraftKings,,,,,,,,,,,,,,,,,,,,False
bbfc88fe1bbfaf52327b2342,401856732,,unmatched,2026-09-02T22:21:52.386520+00:00,production-model-a-2026-week1-freeze-v1,8,2026-10-24T04:00:00.000Z,Ole Miss,Texas,Ole Miss,ALIGNED,-8.0,54.0,69.1,,,,,,,,,,,-8.5,54.5,DraftKings,,,,,,,,,,,,,,,,,,,,False
c3d651e4e557b3daaa094408,401856837,,unmatched,2026-09-02T22:21:52.386520+00:00,production-model-a-2026-week1-freeze-v1,8,2026-10-24T04:00:00.000Z,Houston,Utah,Houston,ALIGNED,-5.0,55.0,62.3,,,,,,,,,,,-6.5,50.5,DraftKings,,,,,,,,,,,,,,,,,,,,False
6e870cdd6b5b57dd46d719db,401858496,,unmatched,2026-09-02T22:21:52.386520+00:00,production-model-a-2026-week1-freeze-v1,8,2026-10-24T04:00:00.000Z,Indiana,Michigan,Michigan,ALIGNED,3.5,56.0,41.3,,,,,,,,,,,6.0,52.5,DraftKings,,,,,,,,,,,,,,,,,,,,False
2a58ca5e339486b8fdc99723,401856734,,unmatched,2026-09-02T22:21:52.386520+00:00,production-model-a-2026-week1-freeze-v1,9,2026-10-31T19:30:00.000Z,Florida,Georgia,Florida,SLIGHT EDGE,-8.5,54.0,70.2,,,,,,,,,,,-12.5,53.5,DraftKings,,,,,,,,,,,,,,,,,,,,False
55e5137e055f9cf045624ba0,401856740,,unmatched,2026-09-02T22:21:52.386520+00:00,production-model-a-2026-week1-freeze-v1,10,2026-11-07T05:00:00.000Z,Alabama,LSU,LSU,ALIGNED,-5.5,52.5,63.4,,,,,,,,,,,-3.5,54.5,DraftKings,,,,,,,,,,,,,,,,,,,,False
e534f2b33ad067f33585032a,401856741,,unmatched,2026-09-02T22:21:52.386520+00:00,production-model-a-2026-week1-freeze-v1,10,2026-11-07T05:00:00.000Z,Georgia,Ole Miss,Georgia,ALIGNED,5.0,56.0,37.7,,,,,,,,,,,4.5,55.5,DraftKings,,,,,,,,,,,,,,,,,,,,False
16a7acd93dff4e0566073fd7,401856849,,unmatched,2026-09-02T22:21:52.386520+00:00,production-model-a-2026-week1-freeze-v1,10,2026-11-07T05:00:00.000Z,BYU,Utah,BYU,SLIGHT EDGE,1.0,56.0,47.5,,,,,,,,,,,-3.0,51.5,DraftKings,,,,,,,,,,,,,,,,,,,,False
2a9a5716a0fc6276e5ca8bd8,401858511,,unmatched,2026-09-02T22:21:52.386520+00:00,production-model-a-2026-week1-freeze-v1,10,2026-11-07T05:00:00.000Z,Michigan State,Michigan,Michigan State,ALIGNED,-14.5,52.5,81.8,,,,,,,,,,,-16.5,50.5,DraftKings,,,,,,,,,,,,,,,,,,,,False
6d4dfb449f313543a1c06f2a,401858514,,unmatched,2026-09-02T22:21:52.386520+00:00,production-model-a-2026-week1-freeze-v1,10,2026-11-07T05:00:00.000Z,Oregon,Ohio State,,ALIGNED,-6.0,57.5,64.6,,,,,,,,,,,-6.0,52.5,DraftKings,,,,,,,,,,,,,,,,,,,,False
7031ef16829ed69eaf0fba48,401858291,,unmatched,2026-09-02T22:21:52.386520+00:00,production-model-a-2026-week1-freeze-v1,10,2026-11-08T00:30:00.000Z,Miami,Notre Dame,,ALIGNED,-6.5,56.5,65.8,,,,,,,,,,,-6.5,54.5,DraftKings,,,,,,,,,,,,,,,,,,,,False
9be9570409f25fa6b9447159,401858523,,unmatched,2026-09-02T22:21:52.386520+00:00,production-model-a-2026-week1-freeze-v1,11,2026-11-14T05:00:00.000Z,Michigan,Oregon,Michigan,ALIGNED,-13.0,55.0,79.2,,,,,,,,,,,-13.5,53.5,DraftKings,,,,,,,,,,,,,,,,,,,,False
99cbd56447891b4daa4953fb,401858296,,unmatched,2026-09-02T22:21:52.386520+00:00,production-model-a-2026-week1-freeze-v1,11,2026-11-14T05:00:00.000Z,Duke,Miami,Duke,EDGE,-15.0,54.5,82.6,,,,,,,,,,,-21.0,55.5,DraftKings,,,,,,,,,,,,,,,,,,,,False
360ebd595e67a7f56ac83583,401856888,,unmatched,2026-09-02T22:21:52.386520+00:00,production-model-a-2026-week1-freeze-v1,11,2026-11-14T05:00:00.000Z,Tennessee,Texas A&M,Tennessee,ALIGNED,-6.0,55.5,64.6,,,,,,,,,,,-8.5,55.5,DraftKings,,,,,,,,,,,,,,,,,,,,False
1743c0dd19c247267f329899,401856887,,unmatched,2026-09-02T22:21:52.386520+00:00,production-model-a-2026-week1-freeze-v1,11,2026-11-14T05:00:00.000Z,Ole Miss,Oklahoma,Oklahoma,ALIGNED,-4.5,54.0,61.1,,,,,,,,,,,-4.0,53.5,DraftKings,,,,,,,,,,,,,,,,,,,,False
f99adc192f3e4eec8ce3ba7b,401856885,,unmatched,2026-09-02T22:21:52.386520+00:00,production-model-a-2026-week1-freeze-v1,11,2026-11-14T05:00:00.000Z,Texas,LSU,LSU,SLIGHT EDGE,-1.5,52.0,53.7,,,,,,,,,,,2.5,54.5,DraftKings,,,,,,,,,,,,,,,,,,,,False
8a31cad363ba48130bef8b8b,401856863,,unmatched,2026-09-02T22:21:52.386520+00:00,production-model-a-2026-week1-freeze-v1,11,2026-11-14T05:00:00.000Z,Texas Tech,Oklahoma State,Oklahoma State,EDGE,9.0,52.0,28.7,,,,,,,,,,,15.5,61.5,DraftKings,,,,,,,,,,,,,,,,,,,,False
5f0b7e96f5b71fc6e53aa60e,401856752,,unmatched,2026-09-02T22:21:52.386520+00:00,production-model-a-2026-week1-freeze-v1,12,2026-11-21T05:00:00.000Z,Texas A&M,Oklahoma,Texas A&M,ALIGNED,-1.5,53.5,53.7,,,,,,,,,,,-2.5,51.5,DraftKings,,,,,,,,,,,,,,,,,,,,False
a2d06d9a191dd017085845a8,401856754,,unmatched,2026-09-02T22:21:52.386520+00:00,production-model-a-2026-week1-freeze-v1,12,2026-11-21T05:00:00.000Z,LSU,Tennessee,Tennessee,ALIGNED,-1.0,54.0,52.5,,,,,,,,,,,1.5,57.5,DraftKings,,,,,,,,,,,,,,,,,,,,False
881ac07b50ad8e341ea17520,401858302,,unmatched,2026-09-02T22:21:52.386520+00:00,production-model-a-2026-week1-freeze-v1,12,2026-11-21T05:00:00.000Z,Virginia Tech,Miami,Virginia Tech,SLIGHT EDGE,-12.5,53.0,78.3,,,,,,,,,,,-16.5,56.5,DraftKings,,,,,,,,,,,,,,,,,,,,False
4f4c4338f8aaa93ff643459a,401858307,,unmatched,2026-09-02T22:21:52.386520+00:00,production-model-a-2026-week1-freeze-v1,12,2026-11-22T00:30:00.000Z,SMU,Notre Dame,SMU,SLIGHT EDGE,-14.0,56.0,80.9,,,,,,,,,,,-17.5,56.5,DraftKings,,,,,,,,,,,,,,,,,,,,False
463f751962ef7b0ebbdc4b3e,401856762,,unmatched,2026-09-02T22:21:52.386520+00:00,production-model-a-2026-week1-freeze-v1,13,2026-11-27T17:00:00.000Z,Mississippi State,Ole Miss,Mississippi State,SLIGHT EDGE,-11.5,53.5,76.4,,,,,,,,,,,-14.5,56.5,DraftKings,,,,,,,,,,,,,,,,,,,,False
2c08bde11ee538820ab1bf3e,401856756,,unmatched,2026-09-02T22:21:52.386520+00:00,production-model-a-2026-week1-freeze-v1,13,2026-11-28T00:30:00.000Z,Texas,Texas A&M,Texas A&M,SLIGHT EDGE,-1.5,53.5,53.7,,,,,,,,,,,2.5,53.5,DraftKings,,,,,,,,,,,,,,,,,,,,False
96fbab953627374e9ec8f3b7,401858541,,unmatched,2026-09-02T22:21:52.386520+00:00,production-model-a-2026-week1-freeze-v1,13,2026-11-28T05:00:00.000Z,Washington,Oregon,Washington,ALIGNED,-13.5,56.5,80.1,,,,,,,,,,,-15.5,54.5,DraftKings,,,,,,,,,,,,,,,,,,,,False
a15fdc80c7aa296c36131e3e,401856757,,unmatched,2026-09-02T22:21:52.386520+00:00,production-model-a-2026-week1-freeze-v1,13,2026-11-28T05:00:00.000Z,Auburn,Alabama,Auburn,ALIGNED,-8.0,54.0,69.1,,,,,,,,,,,-10.0,52.5,DraftKings,,,,,,,,,,,,,,,,,,,,False
63a1677c4437667ee40414a7,401856764,,unmatched,2026-09-02T22:21:52.386520+00:00,production-model-a-2026-week1-freeze-v1,13,2026-11-28T05:00:00.000Z,South Carolina,Clemson,Clemson,ALIGNED,-3.5,52.0,58.7,,,,,,,,,,,-3.0,53.5,DraftKings,,,,,,,,,,,,,,,,,,,,False
99ac6b83044f336400e48568,401856765,,unmatched,2026-09-02T22:21:52.386520+00:00,production-model-a-2026-week1-freeze-v1,13,2026-11-28T05:00:00.000Z,Tennessee,Vanderbilt,Tennessee,ALIGNED,4.0,57.0,40.1,,,,,,,,,,,3.0,57.5,DraftKings,,,,,,,,,,,,,,,,,,,,False
5813d320d82aa5135e25ee49,401856873,,unmatched,2026-09-02T22:21:52.386520+00:00,production-model-a-2026-week1-freeze-v1,13,2026-11-28T05:00:00.000Z,Arizona State,Arizona,Arizona,ALIGNED,-5.5,53.0,63.4,,,,,,,,,,,-4.5,52.5,DraftKings,,,,,,,,,,,,,,,,,,,,False
6b8ceff1cadafd4ca8dd5989,401858537,,unmatched,2026-09-02T22:21:52.386520+00:00,production-model-a-2026-week1-freeze-v1,13,2026-11-28T05:00:00.000Z,Illinois,Northwestern,Northwestern,ALIGNED,2.5,53.5,43.8,,,,,,,,,,,3.5,52.5,DraftKings,,,,,,,,,,,,,,,,,,,,False
bda829e6b3cf5a3fffd2668e,401858540,,unmatched,2026-09-02T22:21:52.386520+00:00,production-model-a-2026-week1-freeze-v1,13,2026-11-28T17:00:00.000Z,Michigan,Ohio State,Ohio State,ALIGNED,-15.5,56.0,83.4,,,,,,,,,,,-13.5,46.5,DraftKings,,,,,,,,,,,,,,,,,,,,False
70995115951450dea25ce36a,401858204,,unmatched,2026-09-03T02:56:53.163442+00:00,production-model-a-2026-week1-freeze-v1,1,2026-09-03T23:00:00.000Z,Akron,Wake Forest,Akron,ALIGNED,-22.0,51.5,91.5,-22.0,51.0,True,94°F · 5 mph wind · Dry,Minimal,-0.5,0.0,LOCKED,,,-24.5,48.5,DraftKings,,,,,,,-27.5,-3.0,,,,,,,,,,,,False
4837cb2c8bf0f36b66e466ac,401856776,,unmatched,2026-09-03T02:56:53.163442+00:00,production-model-a-2026-week1-freeze-v1,1,2026-09-04T00:00:00.000Z,Colorado,Georgia Tech,Colorado,ALIGNED,-6.0,52.5,64.6,-6.0,52.0,True,91°F · 5 mph wind · gusts 12 · Dry,Minimal,-0.5,0.0,LOCKED,,,-6.5,50.5,DraftKings,,,,,,,-6.5,0.0,,,,,,,,,,,,False
912a6387c6ca1ed73e2d6df1,401858424,,unmatched,2026-09-03T02:56:53.163442+00:00,production-model-a-2026-week1-freeze-v1,1,2026-09-04T01:00:00.000Z,UAB,Illinois,UAB,SLIGHT EDGE,-23.5,52.5,92.9,-23.5,52.5,True,Forecast unavailable,Minimal,0.0,0.0,LOCKED,,,-27.5,54.5,DraftKings,,,,,,,-25.5,2.0,,,,,,,,,,,,False
857777429ddbf35616bc19d0,401864495,,unmatched,2026-09-03T02:56:53.163442+00:00,production-model-a-2026-week1-freeze-v1,1,2026-09-04T22:30:00.000Z,San Jose State,Eastern Michigan,Eastern Michigan,ALIGNED,-5.0,52.5,62.3,-5.0,52.5,True,80°F · 4 mph wind · Dry,Minimal,0.0,0.0,LOCKED,,,-3.0,56.5,DraftKings,,,,,,,,,,,,,,,,,,,,False
6b7aaec5af64ad7f92b3b3ed,401858429,,unmatched,2026-09-03T02:56:53.163442+00:00,production-model-a-2026-week1-freeze-v1,1,2026-09-05T00:00:00.000Z,Toledo,Michigan State,Michigan State,ALIGNED,-10.5,53.5,74.4,-10.5,53.5,True,78°F · 4 mph wind · Dry,Minimal,0.0,0.0,LOCKED,,,-10.0,46.5,DraftKings,,,,,,,,,,,,,,,,,,,,False
07608e5820a61ee6803ca128,401856664,,unmatched,2026-09-03T02:56:53.163442+00:00,production-model-a-2026-week1-freeze-v1,1,2026-09-05T00:00:00.000Z,UTEP,Oklahoma,UTEP,STRONG EDGE,-32.0,50.5,97.7,-32.0,48.5,True,94°F · 16 mph wind · Dry,Moderate,-2.0,0.0,LOCKED,,,-40.5,51.5,DraftKings,,,,,,,,,,,,,,,,,,,,False
093a66f329175ec06506683f,401858436,,unmatched,2026-09-03T02:56:53.163442+00:00,production-model-a-2026-week1-freeze-v1,1,2026-09-05T01:00:00.000Z,Fresno State,USC,Fresno State,STRONG EDGE,-14.0,54.5,80.9,-14.0,54.5,True,Forecast unavailable,Minimal,0.0,0.0,LOCKED,,,-22.5,51.5,DraftKings,,,,,,,,,,,,,,,,,,,,False
b92460ac72f409ba5f822f99,401858206,,unmatched,2026-09-03T02:56:53.163442+00:00,production-model-a-2026-week1-freeze-v1,1,2026-09-05T01:00:00.000Z,Miami,Stanford,Stanford,STRONG EDGE,15.0,53.0,17.4,15.0,52.5,True,71°F · 10 mph wind · Dry,Moderate,-0.5,0.0,LOCKED,,,24.5,48.5,DraftKings,,,,,,,,,,,,,,,,,,,,False
92d02cbfdbcac43149258356,401869960,,unmatched,2026-09-03T02:56:53.163442+00:00,production-model-a-2026-week1-freeze-v1,1,2026-09-05T16:00:00.000Z,Liberty,James Madison,Liberty,ALIGNED,-5.5,54.0,63.4,-5.5,52.5,True,80°F · 3 mph wind · Heavy rain,Moderate,-1.5,0.0,LOCKED,,,-6.0,50.5,DraftKings,,,,,,,,,,,,,,,,,,,,False
df20ed6dda78d68a030c02be,401858430,,unmatched,2026-09-03T02:56:53.163442+00:00,production-model-a-2026-week1-freeze-v1,1,2026-09-05T16:00:00.000Z,Ohio,Nebraska,Ohio,SLIGHT EDGE,-19.0,53.5,88.2,-19.0,53.0,True,94°F · 8 mph wind · Dry,Minimal,-0.5,0.0,LOCKED,,,-23.5,46.5,DraftKings,,,,,,,,,,,,,,,,,,,,False
8108f78c14d089c6a6841ca2,401856780,,unmatched,2026-09-03T02:56:53.163442+00:00,production-model-a-2026-week1-freeze-v1,1,2026-09-05T16:00:00.000Z,Coastal Carolina,West Virginia,Coastal Carolina,STRONG EDGE,-12.5,50.0,78.3,-12.5,50.0,True,Forecast unavailable,Minimal,0.0,0.0,LOCKED,,,-21.0,56.5,DraftKings,,,,,,,,,,,,,,,,,,,,False
173c07c96ade2050f0f10726,401858425,,unmatched,2026-09-03T02:56:53.163442+00:00,production-model-a-2026-week1-freeze-v1,1,2026-09-05T16:00:00.000Z,North Texas,Indiana,North Texas,STRONG EDGE,-31.5,57.5,97.6,-31.5,57.5,True,90°F · 2 mph wind · Dry,Minimal,0.0,0.0,LOCKED,,,-40.5,55.5,DraftKings,,,,,,,,,,,,,,,,,,,,False
8321a98d075f2eb4bda56f9f,401856778,,unmatched,2026-09-03T02:56:53.163442+00:00,production-model-a-2026-week1-freeze-v1,1,2026-09-05T16:00:00.000Z,Oregon State,Houston,Oregon State,STRONG EDGE,-12.0,52.0,77.3,-12.0,52.0,True,89°F · 4 mph wind · Dry,Minimal,0.0,0.0,LOCKED,,,-20.5,49.5,DraftKings,,,,,,,,,,,,,,,,,,,,False
545f81e7056a6c8fc10c4536,401856634,,unmatched,2026-09-03T02:56:53.163442+00:00,production-model-a-2026-week1-freeze-v1,1,2026-09-05T16:00:00.000Z,East Carolina,Alabama,East Carolina,STRONG EDGE,-18.5,54.5,87.6,-18.5,54.0,True,96°F · 4 mph wind · Dry,Minimal,-0.5,0.0,LOCKED,,,-28.5,52.5,DraftKings,,,,,,,,,,,,,,,,,,,,False
5a9e33b8482f76ec8b4e1ce5,401858207,,unmatched,2026-09-03T02:56:53.163442+00:00,production-model-a-2026-week1-freeze-v1,1,2026-09-05T16:30:00.000Z,Miami (OH),Pittsburgh,Miami (OH),EDGE,-10.0,52.5,73.4,-10.0,52.5,True,Forecast unavailable,Minimal,0.0,0.0,LOCKED,,,-16.5,48.5,DraftKings,,,,,,,,,,,,,,,,,,,,False
743100db49bbfc64d0c965f2,401858432,,unmatched,2026-09-03T02:56:53.163442+00:00,production-model-a-2026-week1-freeze-v1,1,2026-09-05T16:30:00.000Z,Ball State,Ohio State,Ball State,ALIGNED,-48.0,53.0,99.0,-48.0,52.5,True,72°F · 4 mph wind · Light rain,Moderate,-0.5,0.0,LOCKED,,,-50.5,55.5,DraftKings,,,,,,,,,,,,,,,,,,,,False
f08bafc967c910dbd46e190a,401856665,,unmatched,2026-09-03T02:56:53.163442+00:00,production-model-a-2026-week1-freeze-v1,1,2026-09-05T16:45:00.000Z,Kent State,South Carolina,Kent State,EDGE,-29.5,50.5,96.7,-29.5,50.5,True,Forecast unavailable,Minimal,0.0,0.0,LOCKED,,,-35.5,54.5,DraftKings,,,,,,,,,,,,,,,,,,,,False
295a748e179ab3021797b09c,401858433,,unmatched,2026-09-03T02:56:53.163442+00:00,production-model-a-2026-week1-freeze-v1,1,2026-09-05T19:30:00.000Z,Boise State,Oregon,Boise State,ALIGNED,-22.0,55.0,91.5,-22.0,55.0,True,69°F · 3 mph wind · Dry,Minimal,0.0,0.0,LOCKED,,,-24.5,51.5,DraftKings,,,,,,,,,,,,,,,,,,,,False
570e53b905d2c38576ec64c5,401856777,,unmatched,2026-09-03T02:56:53.163442+00:00,production-model-a-2026-week1-freeze-v1,1,2026-09-05T19:30:00.000Z,Boston College,Cincinnati,Boston College,ALIGNED,-6.0,53.0,64.6,-6.0,52.5,True,95°F · 4 mph wind · Dry,Minimal,-0.5,0.0,LOCKED,,,-7.5,49.5,DraftKings,,,,,,,,,,,,,,,,,,,,False
c480e1479fe56068114d0127,401856636,,unmatched,2026-09-03T02:56:53.163442+00:00,production-model-a-2026-week1-freeze-v1,1,2026-09-05T19:30:00.000Z,Baylor,Auburn,Baylor,ALIGNED,-6.0,53.5,64.6,-6.0,53.0,True,102°F · 4 mph wind · Dry,Minimal,-0.5,0.0,LOCKED,,,-7.5,58.5,DraftKings,,,,,,,,,,,,,,,,,,,,False
27bd6e0b9b41c6e941da5b93,401858434,,unmatched,2026-09-03T02:56:53.163442+00:00,production-model-a-2026-week1-freeze-v1,1,2026-09-05T19:30:00.000Z,Marshall,Penn State,Marshall,ALIGNED,-22.0,54.0,91.5,-22.0,54.0,True,77°F · 8 mph wind · Dry,Minimal,0.0,0.0,LOCKED,,,-24.5,52.5,DraftKings,,,,,,,,,,,,,,,,,,,,False
c30634e5f8bdd722fc4e5e77,401856667,,unmatched,2026-09-03T02:56:53.163442+00:00,production-model-a-2026-week1-freeze-v1,1,2026-09-05T19:30:00.000Z,Texas State,Texas,Texas State,STRONG EDGE,-22.0,54.0,91.5,-22.0,54.0,True,Forecast unavailable,Minimal,0.0,0.0,LOCKED,,,-29.5,59.5,DraftKings,,,,,,,,,,,,,,,,,,,,False
2de2b0991de3672ba4627ca7,401858209,,unmatched,2026-09-03T02:56:53.163442+00:00,production-model-a-2026-week1-freeze-v1,1,2026-09-05T19:30:00.000Z,Tulane,Duke,Duke,ALIGNED,-10.0,54.0,73.4,-10.0,53.0,True,101°F · 6 mph wind · gusts 11 · Light rain,Moderate,-1.0,0.0,LOCKED,,,-7.5,51.5,DraftKings,,,,,,,,,,,,,,,,,,,,False
002188ad0b9e853ed06a7a6b,401856772,,unmatched,2026-09-03T02:56:53.163442+00:00,production-model-a-2026-week1-freeze-v1,1,2026-09-05T19:45:00.000Z,Oklahoma State,Tulsa,Tulsa,SLIGHT EDGE,8.5,49.5,29.8,8.5,49.0,True,102°F · 7 mph wind · Dry,Minimal,-0.5,0.0,LOCKED,,,13.5,59.5,DraftKings,,,,,,,,,,,,,,,,,,,,False
daf215eae2ed428b3c1bbf1c,401858426,,unmatched,2026-09-03T02:56:53.163442+00:00,production-model-a-2026-week1-freeze-v1,1,2026-09-05T20:15:00.000Z,Northern Illinois,Iowa,Northern Illinois,SLIGHT EDGE,-27.0,51.5,95.4,-27.0,51.0,True,100°F · 5 mph wind · Dry,Minimal,-0.5,0.0,LOCKED,,,-31.5,44.5,DraftKings,,,,,,,,,,,,,,,,,,,,False
790bf976867e02ce102a89ea,401860878,,unmatched,2026-09-03T02:56:53.163442+00:00,production-model-a-2026-week1-freeze-v1,1,2026-09-05T22:00:00.000Z,Wyoming,Colorado State,Wyoming,ALIGNED,-1.5,51.0,53.7,-1.5,51.0,True,Forecast unavailable,Minimal,0.0,0.0,LOCKED,,,-3.0,46.5,DraftKings,,,,,,,,,,,,,,,,,,,,False
699a44cc1380272a90b5adcb,401862699,,unmatched,2026-09-03T02:56:53.163442+00:00,production-model-a-2026-week1-freeze-v1,1,2026-09-05T23:00:00.000Z,Florida International,South Florida,Florida International,ALIGNED,-11.5,54.0,76.4,-11.5,53.5,True,89°F · 9 mph wind · Light rain,Moderate,-0.5,0.0,LOCKED,,,-14.0,52.5,DraftKings,,,,,,,,,,,,,,,,,,,,False
7a469531ec77362798ac8b1f,401856668,,unmatched,2026-09-03T02:56:53.163442+00:00,production-model-a-2026-week1-freeze-v1,1,2026-09-05T23:00:00.000Z,Missouri State,Texas A&M,Missouri State,EDGE,-34.0,53.0,98.3,-34.0,52.5,True,92°F · 5 mph wind · Dry,Minimal,-0.5,0.0,LOCKED,,,-40.5,53.5,DraftKings,,,,,,,,,,,,,,,,,,,,False
42350183b4c04dae851c8510,401862695,,unmatched,2026-09-03T02:56:53.163442+00:00,production-model-a-2026-week1-freeze-v1,1,2026-09-05T23:00:00.000Z,Arkansas State,Memphis,Memphis,ALIGNED,-13.0,52.5,79.2,-13.0,52.5,True,Forecast unavailable,Minimal,0.0,0.0,LOCKED,,,-11.5,52.5,DraftKings,,,,,,,,,,,,,,,,,,,,False
8f55d5e7db7175774ec91a4c,401858428,,unmatched,2026-09-03T02:56:53.163442+00:00,production-model-a-2026-week1-freeze-v1,1,2026-09-05T23:30:00.000Z,Western Michigan,Michigan,Western Michigan,EDGE,-20.5,53.5,90.0,-20.5,53.5,True,76°F · 7 mph wind · Dry,Minimal,0.0,0.0,LOCKED,,,-27.5,48.5,DraftKings,,,,,,,,,,,,,,,,,,,,False
28ab5df7237a6aabaf06a363,401856660,,unmatched,2026-09-03T02:56:53.163442+00:00,production-model-a-2026-week1-freeze-v1,1,2026-09-05T23:30:00.000Z,Clemson,LSU,Clemson,ALIGNED,-9.0,52.5,71.3,-9.0,51.5,True,91°F · 4 mph wind · Light rain,Moderate,-1.0,0.0,LOCKED,,,-10.0,50.5,DraftKings,,,,,,,,,,,,,,,,,,,,False
4557cd3d58a73f6c548c7d28,401856662,,unmatched,2026-09-03T02:56:53.163442+00:00,production-model-a-2026-week1-freeze-v1,1,2026-09-05T23:30:00.000Z,UL Monroe,Mississippi State,,ALIGNED,-28.5,50.5,96.3,-28.5,49.5,True,90°F · 11 mph wind · Dry,Moderate,-1.0,0.0,LOCKED,,,-28.5,54.5,DraftKings,,,,,,,,,,,,,,,,,,,,False
6b2edc1510a79d19307723ed,401856637,,unmatched,2026-09-03T02:56:53.163442+00:00,production-model-a-2026-week1-freeze-v1,1,2026-09-05T23:45:00.000Z,Florida Atlantic,Florida,Florida Atlantic,EDGE,-19.5,52.0,88.9,-19.5,52.0,True,Forecast unavailable,Minimal,0.0,0.0,LOCKED,,,-26.5,59.5,DraftKings,,,,,,,,,,,,,,,,,,,,False
1f8d7241e035668d93682dfb,401864497,,unmatched,2026-09-03T02:56:53.163442+00:00,production-model-a-2026-week1-freeze-v1,1,2026-09-06T02:00:00.000Z,UNLV,Hawai'i,Hawai'i,SLIGHT EDGE,0.0,52.0,50.0,0.0,51.5,True,83°F · 12 mph wind · gusts 30 · Dry,Moderate,-0.5,0.0,LOCKED,,,3.0,56.5,DraftKings,,,,,,,,,,,,,,,,,,,,False
2d31d5dc7956beba00b4cde1,401864498,,unmatched,2026-09-03T02:56:53.163442+00:00,production-model-a-2026-week1-freeze-v1,1,2026-09-06T02:00:00.000Z,Central Michigan,New Mexico,New Mexico,SLIGHT EDGE,-13.5,52.5,80.1,-13.5,52.0,True,85°F · 11 mph wind · gusts 16 · Dry,Moderate,-0.5,0.0,LOCKED,,,-10.5,46.5,DraftKings,,,,,,,,,,,,,,,,,,,,False
d79c8cbc1432da681307a697,401864432,,unmatched,2026-09-03T02:56:53.163442+00:00,production-model-a-2026-week1-freeze-v1,1,2026-09-06T02:30:00.000Z,Western Kentucky,Nevada,,ALIGNED,1.5,51.0,46.3,1.5,50.5,True,68°F · 13 mph wind · Dry,Moderate,-0.5,0.0,LOCKED,,,1.5,52.5,DraftKings,,,,,,,,,,,,,,,,,,,,False
f1eed4662c6b69abbfcb7d99,401858210,,unmatched,2026-09-03T02:56:53.163442+00:00,production-model-a-2026-week1-freeze-v1,1,2026-09-06T02:30:00.000Z,UCLA,California,California,ALIGNED,-0.5,51.5,51.2,-0.5,51.5,True,Forecast unavailable,Minimal,0.0,0.0,LOCKED,,,1.5,53.5,DraftKings,,,,,,,,,,,,,,,,,,,,False
fada816d3840d7aab58b183a,401858437,,unmatched,2026-09-03T02:56:53.163442+00:00,production-model-a-2026-week1-freeze-v1,1,2026-09-06T20:00:00.000Z,Washington State,Washington,Washington State,SLIGHT EDGE,-18.5,55.0,87.6,-18.5,55.0,True,69°F · 8 mph wind · Dry,Minimal,0.0,0.0,LOCKED,,,-23.5,50.5,DraftKings,,,,,,,,,,,,,,,,,,,,False
d24403aca63c6a97d09938fd,401858438,,unmatched,2026-09-03T02:56:53.163442+00:00,production-model-a-2026-week1-freeze-v1,1,2026-09-06T23:30:00.000Z,Wisconsin,Notre Dame,Wisconsin,SLIGHT EDGE,-17.5,53.0,86.3,-17.5,53.0,True,74°F · 8 mph wind · Dry,Minimal,0.0,0.0,LOCKED,,,-20.5,47.5,DraftKings,,,,,,,,,,,,,,,,,,,,False
753085749a116ac75ee6f779,401856661,,unmatched,2026-09-03T02:56:53.163442+00:00,production-model-a-2026-week1-freeze-v1,1,2026-09-06T23:30:00.000Z,Louisville,Ole Miss,Louisville,ALIGNED,-4.0,55.0,59.9,-4.0,54.5,True,93°F · 7 mph wind · Dry,Minimal,-0.5,0.0,LOCKED,,,-6.5,55.5,DraftKings,,,,,,,,,,,,,,,,,,,,False
ea2f700e129222530bc0a971,401858212,,unmatched,2026-09-03T02:56:53.163442+00:00,production-model-a-2026-week1-freeze-v1,1,2026-09-07T23:30:00.000Z,SMU,Florida State,Florida State,SLIGHT EDGE,-0.5,54.5,51.2,-0.5,54.5,True,Forecast unavailable,Minimal,0.0,0.0,LOCKED,,,3.0,52.5,DraftKings,,,,,,,,,,,,,,,,,,,,False
ce1f0de5f19da944f05ca4d2,401856678,,unmatched,2026-09-03T02:56:53.163442+00:00,production-model-a-2026-week1-freeze-v1,2,2026-09-12T00:00:00.000Z,Missouri,Kansas,Missouri,ALIGNED,7.0,54.5,33.1,7.0,54.5,False,,,,,,,,6.5,53.5,DraftKings,,,,,,,,,,,,,,,,,,,,False
259604316aad3bcef93a5d36,401856683,,unmatched,2026-09-03T02:56:53.163442+00:00,production-model-a-2026-week1-freeze-v1,2,2026-09-12T16:00:00.000Z,Arizona State,Texas A&M,Texas A&M,ALIGNED,-15.5,53.5,83.4,-15.5,53.5,False,,,,,,,,-14.5,51.5,DraftKings,,,,,,,,,,,,,,,,,,,,False
84331bd60ce10198ee2fdab7,401858221,,unmatched,2026-09-03T02:56:53.163442+00:00,production-model-a-2026-week1-freeze-v1,2,2026-09-12T16:00:00.000Z,Old Dominion,Virginia Tech,Virginia Tech,ALIGNED,-14.5,53.5,81.8,-14.5,53.5,False,,,,,,,,-14.0,,DraftKings,,,,,,,,,,,,,,,,,,,,False
77739d44703deb7ad48b394f,401856679,,unmatched,2026-09-03T02:56:53.163442+00:00,production-model-a-2026-week1-freeze-v1,2,2026-09-12T16:00:00.000Z,Oklahoma,Michigan,Michigan,SLIGHT EDGE,-1.5,53.0,53.7,-1.5,53.0,False,,,,,,,,1.5,46.5,DraftKings,,,,,,,,,,,,,,,,,,,,False
03e6d4a08494bb734e454c21,401856782,,unmatched,2026-09-03T02:56:53.163442+00:00,production-model-a-2026-week1-freeze-v1,2,2026-09-12T16:00:00.000Z,Oregon,Oklahoma State,Oklahoma State,SLIGHT EDGE,14.5,52.0,18.2,14.5,52.0,False,,,,,,,,18.5,60.5,DraftKings,,,,,,,,,,,,,,,,,,,,False
c205e8e631e4fd6f898eddfa,401858217,,unmatched,2026-09-03T02:56:53.163442+00:00,production-model-a-2026-week1-freeze-v1,2,2026-09-12T19:30:00.000Z,Duke,Illinois,Duke,ALIGNED,-6.0,54.0,64.6,-6.0,54.0,False,,,,,,,,-8.5,,DraftKings,,,,,,,,,,,,,,,,,,,,False
f62c6be832becfafbdde93da,401856810,,unmatched,2026-09-03T02:56:53.163442+00:00,production-model-a-2026-week1-freeze-v1,2,2026-09-12T19:30:00.000Z,Arizona,BYU,BYU,ALIGNED,-7.0,54.0,66.9,-7.0,54.0,False,,,,,,,,-6.5,,DraftKings,,,,,,,,,,,,,,,,,,,,False
80bbde31dba7eeaa457155bc,401860884,,unmatched,2026-09-03T02:56:53.163442+00:00,production-model-a-2026-week1-freeze-v1,2,2026-09-12T19:30:00.000Z,UTSA,Texas State,UTSA,ALIGNED,-1.0,54.5,52.5,-1.0,54.5,False,,,,,,,,-1.5,,DraftKings,,,,,,,,,,,,,,,,,,,,False
fdb31770aa78f075e617854a,401856677,,unmatched,2026-09-03T02:56:53.163442+00:00,production-model-a-2026-week1-freeze-v1,2,2026-09-12T19:30:00.000Z,Mississippi State,Minnesota,Minnesota,ALIGNED,-3.5,51.0,58.7,-3.5,51.0,False,,,,,,,,-2.5,,DraftKings,,,,,,,,,,,,,,,,,,,,False
949037395524fc4a1552a29e,401856674,,unmatched,2026-09-03T02:56:53.163442+00:00,production-model-a-2026-week1-freeze-v1,2,2026-09-12T19:30:00.000Z,Alabama,Kentucky,Kentucky,SLIGHT EDGE,7.0,52.5,33.1,7.0,52.5,False,,,,,,,,10.5,,DraftKings,,,,,,,,,,,,,,,,,,,,False
6802e3b381097e4e75c22080,401860881,,unmatched,2026-09-03T02:56:53.163442+00:00,production-model-a-2026-week1-freeze-v1,2,2026-09-12T22:00:00.000Z,Memphis,Boise State,Memphis,ALIGNED,-4.5,53.5,61.1,-4.5,53.5,False,,,,,,,,-6.5,,DraftKings,,,,,,,,,,,,,,,,,,,,False
4f17c748a4411e88f3cf5e9e,401856681,,unmatched,2026-09-03T02:56:53.163442+00:00,production-model-a-2026-week1-freeze-v1,2,2026-09-12T23:00:00.000Z,Tennessee,Georgia Tech,Georgia Tech,ALIGNED,7.0,56.0,33.1,7.0,56.0,False,,,,,,,,8.5,,DraftKings,,,,,,,,,,,,,,,,,,,,False
093dd502f6c697b015c2ce2d,401858443,,unmatched,2026-09-03T02:56:53.163442+00:00,production-model-a-2026-week1-freeze-v1,2,2026-09-12T23:15:00.000Z,San Diego State,UCLA,San Diego State,SLIGHT EDGE,-5.0,52.5,62.3,-5.0,52.5,False,,,,,,,,-8.5,,DraftKings,,,,,,,,,,,,,,,,,,,,False
eda29d0cf7bcfa775653c9b6,401856682,,unmatched,2026-09-03T02:56:53.163442+00:00,production-model-a-2026-week1-freeze-v1,2,2026-09-12T23:30:00.000Z,Ohio State,Texas,Ohio State,EDGE,4.5,55.5,38.9,4.5,55.5,False,,,,,,,,-1.5,47.5,DraftKings,,,,,,,,,,,,,,,,,,,,False
c396888ca21579dc381899a4,401856788,,unmatched,2026-09-03T02:56:53.163442+00:00,production-model-a-2026-week1-freeze-v1,2,2026-09-12T23:30:00.000Z,Iowa State,Iowa,Iowa,ALIGNED,-14.5,54.0,81.8,-14.5,54.0,False,,,,,,,,-12.5,41.5,DraftKings,,,,,,,,,,,,,,,,,,,,False
7270902a535e632ab28e473f,401856670,,unmatched,2026-09-03T02:56:53.163442+00:00,production-model-a-2026-week1-freeze-v1,2,2026-09-13T02:15:00.000Z,Arkansas,Utah,Arkansas,SLIGHT EDGE,-6.0,56.0,64.6,-6.0,56.0,False,,,,,,,,-9.5,54.5,DraftKings,,,,,,,,,,,,,,,,,,,,False
6947370ade8c5f229bf97a2f,401856811,,unmatched,2026-09-03T02:56:53.163442+00:00,production-model-a-2026-week1-freeze-v1,3,2026-09-19T00:00:00.000Z,Houston,Texas Tech,,ALIGNED,-13.5,54.0,80.1,-13.5,54.0,False,,,,,,,,-13.5,54.5,DraftKings,,,,,,,,,,,,,,,,,,,,False
52a71e211e1535b00bea5daa,401856686,,unmatched,2026-09-03T02:56:53.163442+00:00,production-model-a-2026-week1-freeze-v1,3,2026-09-19T16:00:00.000Z,Georgia,Arkansas,Arkansas,SLIGHT EDGE,13.5,55.0,19.9,13.5,55.0,False,,,,,,,,16.5,55.5,FanDuel,,,,,,,,,,,,,,,,,,,,False
465717b0de400daf190c818c,401858230,,unmatched,2026-09-03T02:56:53.163442+00:00,production-model-a-2026-week1-freeze-v1,3,2026-09-19T19:30:00.000Z,SMU,Louisville,,ALIGNED,-1.5,54.5,53.7,-1.5,54.5,False,,,,,,,,-1.5,56.5,DraftKings,,,,,,,,,,,,,,,,,,,,False
f54c4269c9a8c1a6badba624,401856687,,unmatched,2026-09-03T02:56:53.163442+00:00,production-model-a-2026-week1-freeze-v1,3,2026-09-19T23:00:00.000Z,Florida,Auburn,Auburn,ALIGNED,0.0,53.0,50.0,0.0,53.0,False,,,,,,,,1.5,53.5,DraftKings,,,,,,,,,,,,,,,,,,,,False
bf08a4d9e233cbeea803201d,401856688,,unmatched,2026-09-03T02:56:53.163442+00:00,production-model-a-2026-week1-freeze-v1,3,2026-09-19T23:30:00.000Z,LSU,Ole Miss,LSU,ALIGNED,0.5,53.5,48.8,0.5,53.5,False,,,,,,,,-1.5,57.5,DraftKings,,,,,,,,,,,,,,,,,,,,False
7fb77794d8a3d8d6a9efe2df,401856700,,unmatched,2026-09-03T02:56:53.163442+00:00,production-model-a-2026-week1-freeze-v1,4,2026-09-26T04:00:00.000Z,Oklahoma,Georgia,Oklahoma,ALIGNED,-9.0,54.0,71.3,-9.0,54.0,False,,,,,,,,-10.0,52.5,DraftKings,,,,,,,,,,,,,,,,,,,,False
449ccfd19e5a33107b6ec20f,401856702,,unmatched,2026-09-03T02:56:53.163442+00:00,production-model-a-2026-week1-freeze-v1,4,2026-09-26T04:00:00.000Z,Texas A&M,LSU,,ALIGNED,-3.0,53.0,57.4,-3.0,53.0,False,,,,,,,,-3.0,56.5,DraftKings,,,,,,,,,,,,,,,,,,,,False
7532d289264eabbb583ea4b7,401856704,,unmatched,2026-09-03T02:56:53.163442+00:00,production-model-a-2026-week1-freeze-v1,4,2026-09-26T16:00:00.000Z,Texas,Tennessee,Tennessee,EDGE,1.0,54.5,47.5,1.0,54.5,False,,,,,,,,6.5,56.5,DraftKings,,,,,,,,,,,,,,,,,,,,False
8dbf635865f362ee86d10166,401858249,,unmatched,2026-09-03T02:56:53.163442+00:00,production-model-a-2026-week1-freeze-v1,5,2026-10-03T04:00:00.000Z,Miami,Clemson,Clemson,SLIGHT EDGE,3.5,54.5,41.3,3.5,54.5,False,,,,,,,,7.0,55.5,DraftKings,,,,,,,,,,,,,,,,,,,,False
f630944a1eb91099656ea520,401856712,,unmatched,2026-09-03T02:56:53.163442+00:00,production-model-a-2026-week1-freeze-v1,6,2026-10-10T04:00:00.000Z,Georgia,Alabama,Georgia,ALIGNED,3.5,54.5,41.3,3.5,54.5,False,,,,,,,,3.0,50.5,DraftKings,,,,,,,,,,,,,,,,,,,,False
c10cc20a5334e5a100c0b541,401856717,,unmatched,2026-09-03T02:56:53.163442+00:00,production-model-a-2026-week1-freeze-v1,6,2026-10-10T19:30:00.000Z,Texas,Oklahoma,Oklahoma,SLIGHT EDGE,3.0,52.5,42.6,3.0,52.5,False,,,,,,,,6.0,48.5,DraftKings,,,,,,,,,,,,,,,,,,,,False
b04aee4ee8d7de94e7e0f9d3,401856719,,unmatched,2026-09-03T02:56:53.163442+00:00,production-model-a-2026-week1-freeze-v1,7,2026-10-17T04:00:00.000Z,Auburn,Georgia,Auburn,ALIGNED,-14.5,55.0,81.8,-14.5,55.0,False,,,,,,,,-16.5,54.5,DraftKings,,,,,,,,,,,,,,,,,,,,False
e226b81769126a77fb579667,401858488,,unmatched,2026-09-03T02:56:53.163442+00:00,production-model-a-2026-week1-freeze-v1,7,2026-10-17T04:00:00.000Z,Ohio State,Indiana,Ohio State,SLIGHT EDGE,2.5,58.5,43.8,2.5,58.5,False,,,,,,,,-1.5,48.5,DraftKings,,,,,,,,,,,,,,,,,,,,False
d03a77994f0f9bc41c60c94c,401858490,,unmatched,2026-09-03T02:56:53.163442+00:00,production-model-a-2026-week1-freeze-v1,7,2026-10-17T04:00:00.000Z,Penn State,Michigan,Penn State,SLIGHT EDGE,-3.5,54.5,58.7,-3.5,54.5,False,,,,,,,,-6.5,51.5,DraftKings,,,,,,,,,,,,,,,,,,,,False
cc50712849460b59ba7c9a16,401858492,,unmatched,2026-09-03T02:56:53.163442+00:00,production-model-a-2026-week1-freeze-v1,7,2026-10-17T04:00:00.000Z,Nebraska,Oregon,Nebraska,SLIGHT EDGE,-18.5,55.0,87.6,-18.5,55.0,False,,,,,,,,-21.5,51.5,DraftKings,,,,,,,,,,,,,,,,,,,,False
2c765323e07d8aaf8843c42a,401856723,,unmatched,2026-09-03T02:56:53.163442+00:00,production-model-a-2026-week1-freeze-v1,7,2026-10-17T04:00:00.000Z,Alabama,Tennessee,Tennessee,SLIGHT EDGE,-3.0,55.0,57.4,-3.0,55.0,False,,,,,,,,1.5,56.5,DraftKings,,,,,,,,,,,,,,,,,,,,False
b24a1229066311400e7d2ad4,401856809,,unmatched,2026-09-03T02:56:53.163442+00:00,production-model-a-2026-week1-freeze-v1,7,2026-10-17T04:00:00.000Z,Notre Dame,BYU,BYU,SLIGHT EDGE,6.0,56.0,35.4,6.0,56.0,False,,,,,,,,10.0,54.5,DraftKings,,,,,,,,,,,,,,,,,,,,False
b0d66e0ce248e337df60070c,401856830,,unmatched,2026-09-03T02:56:53.163442+00:00,production-model-a-2026-week1-freeze-v1,7,2026-10-17T04:00:00.000Z,Kansas,Kansas State,Kansas,ALIGNED,-7.0,53.5,66.9,-7.0,53.5,False,,,,,,,,-7.5,54.5,DraftKings,,,,,,,,,,,,,,,,,,,,False
f9b3d1275de19357459344f1,401856727,,unmatched,2026-09-03T02:56:53.163442+00:00,production-model-a-2026-week1-freeze-v1,8,2026-10-24T04:00:00.000Z,Texas A&M,Alabama,Texas A&M,ALIGNED,-0.5,54.0,51.2,-0.5,54.0,False,,,,,,,,-2.5,54.5,DraftKings,,,,,,,,,,,,,,,,,,,,False
477391c5f553a97971f5bae9,401856732,,unmatched,2026-09-03T02:56:53.163442+00:00,production-model-a-2026-week1-freeze-v1,8,2026-10-24T04:00:00.000Z,Ole Miss,Texas,Ole Miss,ALIGNED,-8.0,54.0,69.1,-8.0,54.0,False,,,,,,,,-8.5,54.5,DraftKings,,,,,,,,,,,,,,,,,,,,False
9b21af256545e634cfc5d49a,401856837,,unmatched,2026-09-03T02:56:53.163442+00:00,production-model-a-2026-week1-freeze-v1,8,2026-10-24T04:00:00.000Z,Houston,Utah,Houston,ALIGNED,-5.0,55.0,62.3,-5.0,55.0,False,,,,,,,,-6.5,50.5,DraftKings,,,,,,,,,,,,,,,,,,,,False
279a89a873a05c062d1bafd5,401858496,,unmatched,2026-09-03T02:56:53.163442+00:00,production-model-a-2026-week1-freeze-v1,8,2026-10-24T04:00:00.000Z,Indiana,Michigan,Michigan,ALIGNED,3.5,56.0,41.3,3.5,56.0,False,,,,,,,,6.0,52.5,DraftKings,,,,,,,,,,,,,,,,,,,,False
6f941c4cf25e72283eef3bb3,401856734,,unmatched,2026-09-03T02:56:53.163442+00:00,production-model-a-2026-week1-freeze-v1,9,2026-10-31T19:30:00.000Z,Florida,Georgia,Florida,SLIGHT EDGE,-8.5,54.0,70.2,-8.5,54.0,False,,,,,,,,-12.5,53.5,DraftKings,,,,,,,,,,,,,,,,,,,,False
bfeadf32129a626db556b332,401856740,,unmatched,2026-09-03T02:56:53.163442+00:00,production-model-a-2026-week1-freeze-v1,10,2026-11-07T05:00:00.000Z,Alabama,LSU,LSU,ALIGNED,-5.5,52.5,63.4,-5.5,52.5,False,,,,,,,,-3.5,54.5,DraftKings,,,,,,,,,,,,,,,,,,,,False
db09206d2fffbd57bb979577,401856741,,unmatched,2026-09-03T02:56:53.163442+00:00,production-model-a-2026-week1-freeze-v1,10,2026-11-07T05:00:00.000Z,Georgia,Ole Miss,Georgia,ALIGNED,5.0,56.0,37.7,5.0,56.0,False,,,,,,,,4.5,55.5,DraftKings,,,,,,,,,,,,,,,,,,,,False
17de041ee90f7eba6c74ae85,401856849,,unmatched,2026-09-03T02:56:53.163442+00:00,production-model-a-2026-week1-freeze-v1,10,2026-11-07T05:00:00.000Z,BYU,Utah,BYU,SLIGHT EDGE,1.0,56.0,47.5,1.0,56.0,False,,,,,,,,-3.0,51.5,DraftKings,,,,,,,,,,,,,,,,,,,,False
6ba3c45b1bde8b2578c5e5a3,401858511,,unmatched,2026-09-03T02:56:53.163442+00:00,production-model-a-2026-week1-freeze-v1,10,2026-11-07T05:00:00.000Z,Michigan State,Michigan,Michigan State,ALIGNED,-14.5,52.5,81.8,-14.5,52.5,False,,,,,,,,-16.5,50.5,DraftKings,,,,,,,,,,,,,,,,,,,,False
d1eb4b30cee1cb9bdbb0bec3,401858514,,unmatched,2026-09-03T02:56:53.163442+00:00,production-model-a-2026-week1-freeze-v1,10,2026-11-07T05:00:00.000Z,Oregon,Ohio State,,ALIGNED,-6.0,57.5,64.6,-6.0,57.5,False,,,,,,,,-6.0,52.5,DraftKings,,,,,,,,,,,,,,,,,,,,False
e3ea04875c87e26fd9c7975a,401858291,,unmatched,2026-09-03T02:56:53.163442+00:00,production-model-a-2026-week1-freeze-v1,10,2026-11-08T00:30:00.000Z,Miami,Notre Dame,,ALIGNED,-6.5,56.5,65.8,-6.5,56.5,False,,,,,,,,-6.5,54.5,DraftKings,,,,,,,,,,,,,,,,,,,,False
30af2f024f9826dc3da39736,401858523,,unmatched,2026-09-03T02:56:53.163442+00:00,production-model-a-2026-week1-freeze-v1,11,2026-11-14T05:00:00.000Z,Michigan,Oregon,Michigan,ALIGNED,-13.0,55.0,79.2,-13.0,55.0,False,,,,,,,,-13.5,53.5,DraftKings,,,,,,,,,,,,,,,,,,,,False
2a6d3d7767d21bb701b2a3d2,401858296,,unmatched,2026-09-03T02:56:53.163442+00:00,production-model-a-2026-week1-freeze-v1,11,2026-11-14T05:00:00.000Z,Duke,Miami,Duke,EDGE,-15.0,54.5,82.6,-15.0,54.5,False,,,,,,,,-21.0,55.5,DraftKings,,,,,,,,,,,,,,,,,,,,False
5063f4424475c51aa09d9ca4,401856888,,unmatched,2026-09-03T02:56:53.163442+00:00,production-model-a-2026-week1-freeze-v1,11,2026-11-14T05:00:00.000Z,Tennessee,Texas A&M,Tennessee,ALIGNED,-6.0,55.5,64.6,-6.0,55.5,False,,,,,,,,-8.5,55.5,DraftKings,,,,,,,,,,,,,,,,,,,,False
5d143fbbcaabd9145d6d6695,401856887,,unmatched,2026-09-03T02:56:53.163442+00:00,production-model-a-2026-week1-freeze-v1,11,2026-11-14T05:00:00.000Z,Ole Miss,Oklahoma,Oklahoma,ALIGNED,-4.5,54.0,61.1,-4.5,54.0,False,,,,,,,,-4.0,53.5,DraftKings,,,,,,,,,,,,,,,,,,,,False
402ba3ea00a13e0604a00895,401856885,,unmatched,2026-09-03T02:56:53.163442+00:00,production-model-a-2026-week1-freeze-v1,11,2026-11-14T05:00:00.000Z,Texas,LSU,LSU,SLIGHT EDGE,-1.5,52.0,53.7,-1.5,52.0,False,,,,,,,,2.5,54.5,DraftKings,,,,,,,,,,,,,,,,,,,,False
f17e7dfffe66cc1584ac3c93,401856863,,unmatched,2026-09-03T02:56:53.163442+00:00,production-model-a-2026-week1-freeze-v1,11,2026-11-14T05:00:00.000Z,Texas Tech,Oklahoma State,Oklahoma State,EDGE,9.0,52.0,28.7,9.0,52.0,False,,,,,,,,15.5,61.5,DraftKings,,,,,,,,,,,,,,,,,,,,False
b4354f794acae2a465f95c97,401856752,,unmatched,2026-09-03T02:56:53.163442+00:00,production-model-a-2026-week1-freeze-v1,12,2026-11-21T05:00:00.000Z,Texas A&M,Oklahoma,Texas A&M,ALIGNED,-1.5,53.5,53.7,-1.5,53.5,False,,,,,,,,-2.5,51.5,DraftKings,,,,,,,,,,,,,,,,,,,,False
12aeb405cf256e2eb76e482a,401856754,,unmatched,2026-09-03T02:56:53.163442+00:00,production-model-a-2026-week1-freeze-v1,12,2026-11-21T05:00:00.000Z,LSU,Tennessee,Tennessee,ALIGNED,-1.0,54.0,52.5,-1.0,54.0,False,,,,,,,,1.5,57.5,DraftKings,,,,,,,,,,,,,,,,,,,,False
83b5b0dc113b2cc7439ba0da,401858302,,unmatched,2026-09-03T02:56:53.163442+00:00,production-model-a-2026-week1-freeze-v1,12,2026-11-21T05:00:00.000Z,Virginia Tech,Miami,Virginia Tech,SLIGHT EDGE,-12.5,53.0,78.3,-12.5,53.0,False,,,,,,,,-16.5,56.5,DraftKings,,,,,,,,,,,,,,,,,,,,False
c5b9d505dd249f3893a7a3b3,401858307,,unmatched,2026-09-03T02:56:53.163442+00:00,production-model-a-2026-week1-freeze-v1,12,2026-11-22T00:30:00.000Z,SMU,Notre Dame,SMU,SLIGHT EDGE,-14.0,56.0,80.9,-14.0,56.0,False,,,,,,,,-17.5,56.5,DraftKings,,,,,,,,,,,,,,,,,,,,False
deaa3cd5cb776a0e302af285,401856762,,unmatched,2026-09-03T02:56:53.163442+00:00,production-model-a-2026-week1-freeze-v1,13,2026-11-27T17:00:00.000Z,Mississippi State,Ole Miss,Mississippi State,SLIGHT EDGE,-11.5,53.5,76.4,-11.5,53.5,False,,,,,,,,-14.5,56.5,DraftKings,,,,,,,,,,,,,,,,,,,,False
09cc13576c343200fe910a27,401856756,,unmatched,2026-09-03T02:56:53.163442+00:00,production-model-a-2026-week1-freeze-v1,13,2026-11-28T00:30:00.000Z,Texas,Texas A&M,Texas A&M,SLIGHT EDGE,-1.5,53.5,53.7,-1.5,53.5,False,,,,,,,,2.5,53.5,DraftKings,,,,,,,,,,,,,,,,,,,,False
bf8ef955551805fb0e219a26,401858541,,unmatched,2026-09-03T02:56:53.163442+00:00,production-model-a-2026-week1-freeze-v1,13,2026-11-28T05:00:00.000Z,Washington,Oregon,Washington,ALIGNED,-13.5,56.5,80.1,-13.5,56.5,False,,,,,,,,-15.5,54.5,DraftKings,,,,,,,,,,,,,,,,,,,,False
510992c20cfa3ff8eed6ed6c,401856757,,unmatched,2026-09-03T02:56:53.163442+00:00,production-model-a-2026-week1-freeze-v1,13,2026-11-28T05:00:00.000Z,Auburn,Alabama,Auburn,ALIGNED,-8.0,54.0,69.1,-8.0,54.0,False,,,,,,,,-10.0,52.5,DraftKings,,,,,,,,,,,,,,,,,,,,False
805725ffe2f1e8fa9b831099,401856764,,unmatched,2026-09-03T02:56:53.163442+00:00,production-model-a-2026-week1-freeze-v1,13,2026-11-28T05:00:00.000Z,South Carolina,Clemson,Clemson,ALIGNED,-3.5,52.0,58.7,-3.5,52.0,False,,,,,,,,-3.0,53.5,DraftKings,,,,,,,,,,,,,,,,,,,,False
262df92a2bcbc441771260bd,401856765,,unmatched,2026-09-03T02:56:53.163442+00:00,production-model-a-2026-week1-freeze-v1,13,2026-11-28T05:00:00.000Z,Tennessee,Vanderbilt,Tennessee,ALIGNED,4.0,57.0,40.1,4.0,57.0,False,,,,,,,,3.0,57.5,DraftKings,,,,,,,,,,,,,,,,,,,,False
e186b57ee6eb61d15971a92f,401856873,,unmatched,2026-09-03T02:56:53.163442+00:00,production-model-a-2026-week1-freeze-v1,13,2026-11-28T05:00:00.000Z,Arizona State,Arizona,Arizona,ALIGNED,-5.5,53.0,63.4,-5.5,53.0,False,,,,,,,,-4.5,52.5,DraftKings,,,,,,,,,,,,,,,,,,,,False
bccee9e0ad5a9ba348508302,401858537,,unmatched,2026-09-03T02:56:53.163442+00:00,production-model-a-2026-week1-freeze-v1,13,2026-11-28T05:00:00.000Z,Illinois,Northwestern,Northwestern,ALIGNED,2.5,53.5,43.8,2.5,53.5,False,,,,,,,,3.5,52.5,DraftKings,,,,,,,,,,,,,,,,,,,,False
58cf68fa1881ad614af577f8,401858540,,unmatched,2026-09-03T02:56:53.163442+00:00,production-model-a-2026-week1-freeze-v1,13,2026-11-28T17:00:00.000Z,Michigan,Ohio State,Ohio State,ALIGNED,-15.5,56.0,83.4,-15.5,56.0,False,,,,,,,,-13.5,46.5,DraftKings,,,,,,,,,,,,,,,,,,,,False
ff8b046a759229b9c5c58be4,401858204,,unmatched,2026-09-03T05:36:45.131457+00:00,production-model-a-2026-week1-freeze-v1,1,2026-09-03T23:00:00.000Z,Akron,Wake Forest,Akron,ALIGNED,-22.0,51.5,91.5,-22.0,51.0,True,94°F · 5 mph wind · Dry,Minimal,-0.5,0.0,LOCKED,,,-24.5,48.5,DraftKings,,,,,,,-27.5,-3.0,,,,,,,,,,,,False
bd7f63835731a54fd37d5fa7,401856776,,unmatched,2026-09-03T05:36:45.131457+00:00,production-model-a-2026-week1-freeze-v1,1,2026-09-04T00:00:00.000Z,Colorado,Georgia Tech,Colorado,ALIGNED,-6.0,52.5,64.6,-6.0,52.0,True,91°F · 5 mph wind · gusts 12 · Dry,Minimal,-0.5,0.0,LOCKED,,,-6.5,50.5,DraftKings,,,,,,,-6.5,0.0,,,,,,,,,,,,False
86be9a12a7d0c1249dca7316,401858424,,unmatched,2026-09-03T05:36:45.131457+00:00,production-model-a-2026-week1-freeze-v1,1,2026-09-04T01:00:00.000Z,UAB,Illinois,UAB,SLIGHT EDGE,-23.5,52.5,92.9,-23.5,52.5,True,Forecast unavailable,Minimal,0.0,0.0,LOCKED,,,-27.5,54.5,DraftKings,,,,,,,-25.5,2.0,,,,,,,,,,,,False
0da230120a6ac202bf0be06e,401864495,,unmatched,2026-09-03T05:36:45.131457+00:00,production-model-a-2026-week1-freeze-v1,1,2026-09-04T22:30:00.000Z,San Jose State,Eastern Michigan,Eastern Michigan,ALIGNED,-5.0,52.5,62.3,-5.0,52.5,True,80°F · 4 mph wind · Dry,Minimal,0.0,0.0,LOCKED,,,-3.0,56.5,DraftKings,,,,,,,,,,,,,,,,,,,,False
7388f686713c29f958ed7bb3,401858429,,unmatched,2026-09-03T05:36:45.131457+00:00,production-model-a-2026-week1-freeze-v1,1,2026-09-05T00:00:00.000Z,Toledo,Michigan State,Michigan State,ALIGNED,-10.5,53.5,74.4,-10.5,53.5,True,78°F · 4 mph wind · Dry,Minimal,0.0,0.0,LOCKED,,,-10.0,46.5,DraftKings,,,,,,,,,,,,,,,,,,,,False
175db07c96f664c7a3659503,401856664,,unmatched,2026-09-03T05:36:45.131457+00:00,production-model-a-2026-week1-freeze-v1,1,2026-09-05T00:00:00.000Z,UTEP,Oklahoma,UTEP,STRONG EDGE,-32.0,50.5,97.7,-32.0,48.5,True,94°F · 16 mph wind · Dry,Moderate,-2.0,0.0,LOCKED,,,-40.5,51.5,DraftKings,,,,,,,,,,,,,,,,,,,,False
3854008a02f17be7dd65ce81,401858436,,unmatched,2026-09-03T05:36:45.131457+00:00,production-model-a-2026-week1-freeze-v1,1,2026-09-05T01:00:00.000Z,Fresno State,USC,Fresno State,STRONG EDGE,-14.0,54.5,80.9,-14.0,54.5,True,Forecast unavailable,Minimal,0.0,0.0,LOCKED,,,-22.5,51.5,DraftKings,,,,,,,,,,,,,,,,,,,,False
620c7dfb571fc17c8345ee72,401858206,,unmatched,2026-09-03T05:36:45.131457+00:00,production-model-a-2026-week1-freeze-v1,1,2026-09-05T01:00:00.000Z,Miami,Stanford,Stanford,STRONG EDGE,15.0,53.0,17.4,15.0,52.5,True,71°F · 10 mph wind · Dry,Moderate,-0.5,0.0,LOCKED,,,24.5,48.5,DraftKings,,,,,,,,,,,,,,,,,,,,False
7c48002f54013267da45fda7,401869960,,unmatched,2026-09-03T05:36:45.131457+00:00,production-model-a-2026-week1-freeze-v1,1,2026-09-05T16:00:00.000Z,Liberty,James Madison,Liberty,ALIGNED,-5.5,54.0,63.4,-5.5,52.5,True,80°F · 3 mph wind · Heavy rain,Moderate,-1.5,0.0,LOCKED,,,-6.0,50.5,DraftKings,,,,,,,,,,,,,,,,,,,,False
0ccb9771dfba836f5dcd5ac5,401858430,,unmatched,2026-09-03T05:36:45.131457+00:00,production-model-a-2026-week1-freeze-v1,1,2026-09-05T16:00:00.000Z,Ohio,Nebraska,Ohio,SLIGHT EDGE,-19.0,53.5,88.2,-19.0,53.0,True,94°F · 8 mph wind · Dry,Minimal,-0.5,0.0,LOCKED,,,-23.5,46.5,DraftKings,,,,,,,,,,,,,,,,,,,,False
4cce4d9a9fbd7794debd7e70,401856780,,unmatched,2026-09-03T05:36:45.131457+00:00,production-model-a-2026-week1-freeze-v1,1,2026-09-05T16:00:00.000Z,Coastal Carolina,West Virginia,Coastal Carolina,STRONG EDGE,-12.5,50.0,78.3,-12.5,50.0,True,Forecast unavailable,Minimal,0.0,0.0,LOCKED,,,-21.0,56.5,DraftKings,,,,,,,,,,,,,,,,,,,,False
b439334692fd19ab7a9dad8b,401858425,,unmatched,2026-09-03T05:36:45.131457+00:00,production-model-a-2026-week1-freeze-v1,1,2026-09-05T16:00:00.000Z,North Texas,Indiana,North Texas,STRONG EDGE,-31.5,57.5,97.6,-31.5,57.5,True,90°F · 2 mph wind · Dry,Minimal,0.0,0.0,LOCKED,,,-40.5,55.5,DraftKings,,,,,,,,,,,,,,,,,,,,False
9b8fa3d524274ceca4de70a7,401856778,,unmatched,2026-09-03T05:36:45.131457+00:00,production-model-a-2026-week1-freeze-v1,1,2026-09-05T16:00:00.000Z,Oregon State,Houston,Oregon State,STRONG EDGE,-12.0,52.0,77.3,-12.0,52.0,True,89°F · 4 mph wind · Dry,Minimal,0.0,0.0,LOCKED,,,-20.5,49.5,DraftKings,,,,,,,,,,,,,,,,,,,,False
704f555760f3489fd100b6fa,401856634,,unmatched,2026-09-03T05:36:45.131457+00:00,production-model-a-2026-week1-freeze-v1,1,2026-09-05T16:00:00.000Z,East Carolina,Alabama,East Carolina,STRONG EDGE,-18.5,54.5,87.6,-18.5,54.0,True,96°F · 4 mph wind · Dry,Minimal,-0.5,0.0,LOCKED,,,-28.5,52.5,DraftKings,,,,,,,,,,,,,,,,,,,,False
5bfd51914a9da2776f5d49c6,401858207,,unmatched,2026-09-03T05:36:45.131457+00:00,production-model-a-2026-week1-freeze-v1,1,2026-09-05T16:30:00.000Z,Miami (OH),Pittsburgh,Miami (OH),EDGE,-10.0,52.5,73.4,-10.0,52.5,True,Forecast unavailable,Minimal,0.0,0.0,LOCKED,,,-16.5,47.5,DraftKings,,,,,,,,,,,,,,,,,,,,False
0bcb1bb7f534a5c0523cc5d5,401858432,,unmatched,2026-09-03T05:36:45.131457+00:00,production-model-a-2026-week1-freeze-v1,1,2026-09-05T16:30:00.000Z,Ball State,Ohio State,Ball State,ALIGNED,-48.0,53.0,99.0,-48.0,52.5,True,72°F · 4 mph wind · Light rain,Moderate,-0.5,0.0,LOCKED,,,-50.5,55.5,DraftKings,,,,,,,,,,,,,,,,,,,,False
082973083487d0cef41b0cb0,401856665,,unmatched,2026-09-03T05:36:45.131457+00:00,production-model-a-2026-week1-freeze-v1,1,2026-09-05T16:45:00.000Z,Kent State,South Carolina,Kent State,EDGE,-29.5,50.5,96.7,-29.5,50.5,True,Forecast unavailable,Minimal,0.0,0.0,LOCKED,,,-35.5,54.5,DraftKings,,,,,,,,,,,,,,,,,,,,False
ac4db8de65b6ccdd2e280fca,401858433,,unmatched,2026-09-03T05:36:45.131457+00:00,production-model-a-2026-week1-freeze-v1,1,2026-09-05T19:30:00.000Z,Boise State,Oregon,Boise State,ALIGNED,-22.0,55.0,91.5,-22.0,55.0,True,69°F · 3 mph wind · Dry,Minimal,0.0,0.0,LOCKED,,,-24.5,51.5,DraftKings,,,,,,,,,,,,,,,,,,,,False
a6d8b9aff630e7354d35d6d4,401856777,,unmatched,2026-09-03T05:36:45.131457+00:00,production-model-a-2026-week1-freeze-v1,1,2026-09-05T19:30:00.000Z,Boston College,Cincinnati,Boston College,ALIGNED,-6.0,53.0,64.6,-6.0,52.5,True,95°F · 4 mph wind · Dry,Minimal,-0.5,0.0,LOCKED,,,-7.5,49.5,DraftKings,,,,,,,,,,,,,,,,,,,,False
c016c8df4713a419c755dc15,401856636,,unmatched,2026-09-03T05:36:45.131457+00:00,production-model-a-2026-week1-freeze-v1,1,2026-09-05T19:30:00.000Z,Baylor,Auburn,Baylor,ALIGNED,-6.0,53.5,64.6,-6.0,53.0,True,102°F · 4 mph wind · Dry,Minimal,-0.5,0.0,LOCKED,,,-7.5,58.5,DraftKings,,,,,,,,,,,,,,,,,,,,False
a2d761abeb6cd4540fe34495,401858434,,unmatched,2026-09-03T05:36:45.131457+00:00,production-model-a-2026-week1-freeze-v1,1,2026-09-05T19:30:00.000Z,Marshall,Penn State,Marshall,ALIGNED,-22.0,54.0,91.5,-22.0,54.0,True,77°F · 8 mph wind · Dry,Minimal,0.0,0.0,LOCKED,,,-24.5,52.5,DraftKings,,,,,,,,,,,,,,,,,,,,False
ce4b2fe95f1883112f1a469a,401856667,,unmatched,2026-09-03T05:36:45.131457+00:00,production-model-a-2026-week1-freeze-v1,1,2026-09-05T19:30:00.000Z,Texas State,Texas,Texas State,STRONG EDGE,-22.0,54.0,91.5,-22.0,54.0,True,Forecast unavailable,Minimal,0.0,0.0,LOCKED,,,-29.5,59.5,DraftKings,,,,,,,,,,,,,,,,,,,,False
f3b026d0da57b81913312b93,401858209,,unmatched,2026-09-03T05:36:45.131457+00:00,production-model-a-2026-week1-freeze-v1,1,2026-09-05T19:30:00.000Z,Tulane,Duke,Duke,ALIGNED,-10.0,54.0,73.4,-10.0,53.0,True,101°F · 6 mph wind · gusts 11 · Light rain,Moderate,-1.0,0.0,LOCKED,,,-7.5,51.5,DraftKings,,,,,,,,,,,,,,,,,,,,False
4c89bcda0148e03e3dbb59c0,401856772,,unmatched,2026-09-03T05:36:45.131457+00:00,production-model-a-2026-week1-freeze-v1,1,2026-09-05T19:45:00.000Z,Oklahoma State,Tulsa,Tulsa,SLIGHT EDGE,8.5,49.5,29.8,8.5,49.0,True,102°F · 7 mph wind · Dry,Minimal,-0.5,0.0,LOCKED,,,13.5,59.5,DraftKings,,,,,,,,,,,,,,,,,,,,False
ce80017277a2246fe76ab024,401858426,,unmatched,2026-09-03T05:36:45.131457+00:00,production-model-a-2026-week1-freeze-v1,1,2026-09-05T20:15:00.000Z,Northern Illinois,Iowa,Northern Illinois,SLIGHT EDGE,-27.0,51.5,95.4,-27.0,51.0,True,100°F · 5 mph wind · Dry,Minimal,-0.5,0.0,LOCKED,,,-31.5,44.5,DraftKings,,,,,,,,,,,,,,,,,,,,False
b4c37e839ec71e830976bd92,401860878,,unmatched,2026-09-03T05:36:45.131457+00:00,production-model-a-2026-week1-freeze-v1,1,2026-09-05T22:00:00.000Z,Wyoming,Colorado State,Wyoming,ALIGNED,-1.5,51.0,53.7,-1.5,51.0,True,Forecast unavailable,Minimal,0.0,0.0,LOCKED,,,-3.0,46.5,DraftKings,,,,,,,,,,,,,,,,,,,,False
1ab0a1169e4d159a90b3b5ff,401862699,,unmatched,2026-09-03T05:36:45.131457+00:00,production-model-a-2026-week1-freeze-v1,1,2026-09-05T23:00:00.000Z,Florida International,South Florida,Florida International,ALIGNED,-11.5,54.0,76.4,-11.5,53.5,True,89°F · 9 mph wind · Light rain,Moderate,-0.5,0.0,LOCKED,,,-14.0,52.5,DraftKings,,,,,,,,,,,,,,,,,,,,False
94cec2a3ce26919b5e7cb5c4,401856668,,unmatched,2026-09-03T05:36:45.131457+00:00,production-model-a-2026-week1-freeze-v1,1,2026-09-05T23:00:00.000Z,Missouri State,Texas A&M,Missouri State,EDGE,-34.0,53.0,98.3,-34.0,52.5,True,92°F · 5 mph wind · Dry,Minimal,-0.5,0.0,LOCKED,,,-40.5,53.5,DraftKings,,,,,,,,,,,,,,,,,,,,False
5adca746847fcd086551b553,401862695,,unmatched,2026-09-03T05:36:45.131457+00:00,production-model-a-2026-week1-freeze-v1,1,2026-09-05T23:00:00.000Z,Arkansas State,Memphis,Memphis,ALIGNED,-13.0,52.5,79.2,-13.0,52.5,True,Forecast unavailable,Minimal,0.0,0.0,LOCKED,,,-11.5,52.5,DraftKings,,,,,,,,,,,,,,,,,,,,False
62b86c6b73730a9b2165df80,401858428,,unmatched,2026-09-03T05:36:45.131457+00:00,production-model-a-2026-week1-freeze-v1,1,2026-09-05T23:30:00.000Z,Western Michigan,Michigan,Western Michigan,EDGE,-20.5,53.5,90.0,-20.5,53.5,True,76°F · 7 mph wind · Dry,Minimal,0.0,0.0,LOCKED,,,-27.5,49.5,DraftKings,,,,,,,,,,,,,,,,,,,,False
6c8d4ed5a3d0f61955d8505e,401856660,,unmatched,2026-09-03T05:36:45.131457+00:00,production-model-a-2026-week1-freeze-v1,1,2026-09-05T23:30:00.000Z,Clemson,LSU,Clemson,ALIGNED,-9.0,52.5,71.3,-9.0,51.5,True,91°F · 4 mph wind · Light rain,Moderate,-1.0,0.0,LOCKED,,,-10.0,50.5,DraftKings,,,,,,,,,,,,,,,,,,,,False
e30da952d93315eb98aeeb30,401856662,,unmatched,2026-09-03T05:36:45.131457+00:00,production-model-a-2026-week1-freeze-v1,1,2026-09-05T23:30:00.000Z,UL Monroe,Mississippi State,,ALIGNED,-28.5,50.5,96.3,-28.5,49.5,True,90°F · 11 mph wind · Dry,Moderate,-1.0,0.0,LOCKED,,,-28.5,54.5,DraftKings,,,,,,,,,,,,,,,,,,,,False
a47329fdc3839ede48a1b959,401856637,,unmatched,2026-09-03T05:36:45.131457+00:00,production-model-a-2026-week1-freeze-v1,1,2026-09-05T23:45:00.000Z,Florida Atlantic,Florida,Florida Atlantic,EDGE,-19.5,52.0,88.9,-19.5,52.0,True,Forecast unavailable,Minimal,0.0,0.0,LOCKED,,,-26.5,59.5,DraftKings,,,,,,,,,,,,,,,,,,,,False
1ad24f5fbb1901c91b184b7d,401864497,,unmatched,2026-09-03T05:36:45.131457+00:00,production-model-a-2026-week1-freeze-v1,1,2026-09-06T02:00:00.000Z,UNLV,Hawai'i,Hawai'i,SLIGHT EDGE,0.0,52.0,50.0,0.0,51.5,True,83°F · 12 mph wind · gusts 30 · Dry,Moderate,-0.5,0.0,LOCKED,,,3.0,56.5,DraftKings,,,,,,,,,,,,,,,,,,,,False
8132f06bf2b113ee5978f583,401864498,,unmatched,2026-09-03T05:36:45.131457+00:00,production-model-a-2026-week1-freeze-v1,1,2026-09-06T02:00:00.000Z,Central Michigan,New Mexico,New Mexico,SLIGHT EDGE,-13.5,52.5,80.1,-13.5,52.0,True,85°F · 11 mph wind · gusts 16 · Dry,Moderate,-0.5,0.0,LOCKED,,,-10.5,46.5,DraftKings,,,,,,,,,,,,,,,,,,,,False
d45f71fd153d1b18b5661c19,401864432,,unmatched,2026-09-03T05:36:45.131457+00:00,production-model-a-2026-week1-freeze-v1,1,2026-09-06T02:30:00.000Z,Western Kentucky,Nevada,,ALIGNED,1.5,51.0,46.3,1.5,50.5,True,68°F · 13 mph wind · Dry,Moderate,-0.5,0.0,LOCKED,,,1.5,52.5,DraftKings,,,,,,,,,,,,,,,,,,,,False
c92a2b80a938bf2432c163cc,401858210,,unmatched,2026-09-03T05:36:45.131457+00:00,production-model-a-2026-week1-freeze-v1,1,2026-09-06T02:30:00.000Z,UCLA,California,California,ALIGNED,-0.5,51.5,51.2,-0.5,51.5,True,Forecast unavailable,Minimal,0.0,0.0,LOCKED,,,1.5,53.5,DraftKings,,,,,,,,,,,,,,,,,,,,False
6898f3f345a5fee4fc19abd6,401858437,,unmatched,2026-09-03T05:36:45.131457+00:00,production-model-a-2026-week1-freeze-v1,1,2026-09-06T20:00:00.000Z,Washington State,Washington,Washington State,SLIGHT EDGE,-18.5,55.0,87.6,-18.5,55.0,True,69°F · 8 mph wind · Dry,Minimal,0.0,0.0,LOCKED,,,-23.5,50.5,DraftKings,,,,,,,,,,,,,,,,,,,,False
74bae579fb77ef0d29f123d2,401858438,,unmatched,2026-09-03T05:36:45.131457+00:00,production-model-a-2026-week1-freeze-v1,1,2026-09-06T23:30:00.000Z,Wisconsin,Notre Dame,Wisconsin,SLIGHT EDGE,-17.5,53.0,86.3,-17.5,53.0,True,74°F · 8 mph wind · Dry,Minimal,0.0,0.0,LOCKED,,,-20.5,47.5,DraftKings,,,,,,,,,,,,,,,,,,,,False
fbbdc0f4ed98c59f019177b2,401856661,,unmatched,2026-09-03T05:36:45.131457+00:00,production-model-a-2026-week1-freeze-v1,1,2026-09-06T23:30:00.000Z,Louisville,Ole Miss,Louisville,ALIGNED,-4.0,55.0,59.9,-4.0,54.5,True,93°F · 7 mph wind · Dry,Minimal,-0.5,0.0,LOCKED,,,-6.5,55.5,DraftKings,,,,,,,,,,,,,,,,,,,,False
722b47afda1857e32b221f5f,401858212,,unmatched,2026-09-03T05:36:45.131457+00:00,production-model-a-2026-week1-freeze-v1,1,2026-09-07T23:30:00.000Z,SMU,Florida State,Florida State,SLIGHT EDGE,-0.5,54.5,51.2,-0.5,54.5,True,Forecast unavailable,Minimal,0.0,0.0,LOCKED,,,3.0,52.5,DraftKings,,,,,,,,,,,,,,,,,,,,False
ea562194d2ecb442c1a0583d,401856678,,unmatched,2026-09-03T05:36:45.131457+00:00,production-model-a-2026-week1-freeze-v1,2,2026-09-12T00:00:00.000Z,Missouri,Kansas,Missouri,ALIGNED,7.0,54.5,33.1,7.0,54.5,False,,,,,,,,6.5,53.5,DraftKings,,,,,,,,,,,,,,,,,,,,False
c052366fe02d11e559877412,401856683,,unmatched,2026-09-03T05:36:45.131457+00:00,production-model-a-2026-week1-freeze-v1,2,2026-09-12T16:00:00.000Z,Arizona State,Texas A&M,Texas A&M,ALIGNED,-15.5,53.5,83.4,-15.5,53.5,False,,,,,,,,-14.5,51.5,DraftKings,,,,,,,,,,,,,,,,,,,,False
a56a22d6272105e6daeda67f,401858221,,unmatched,2026-09-03T05:36:45.131457+00:00,production-model-a-2026-week1-freeze-v1,2,2026-09-12T16:00:00.000Z,Old Dominion,Virginia Tech,Virginia Tech,ALIGNED,-14.5,53.5,81.8,-14.5,53.5,False,,,,,,,,-14.0,,DraftKings,,,,,,,,,,,,,,,,,,,,False
2d9aec0b41c90d54de77ddc3,401856679,,unmatched,2026-09-03T05:36:45.131457+00:00,production-model-a-2026-week1-freeze-v1,2,2026-09-12T16:00:00.000Z,Oklahoma,Michigan,Michigan,SLIGHT EDGE,-1.5,53.0,53.7,-1.5,53.0,False,,,,,,,,1.5,46.5,DraftKings,,,,,,,,,,,,,,,,,,,,False
ee7e3b2effa7fe594fa9b435,401856782,,unmatched,2026-09-03T05:36:45.131457+00:00,production-model-a-2026-week1-freeze-v1,2,2026-09-12T16:00:00.000Z,Oregon,Oklahoma State,Oklahoma State,SLIGHT EDGE,14.5,52.0,18.2,14.5,52.0,False,,,,,,,,18.5,60.5,DraftKings,,,,,,,,,,,,,,,,,,,,False
d61ca5807989ffcef200f763,401858217,,unmatched,2026-09-03T05:36:45.131457+00:00,production-model-a-2026-week1-freeze-v1,2,2026-09-12T19:30:00.000Z,Duke,Illinois,Duke,ALIGNED,-6.0,54.0,64.6,-6.0,54.0,False,,,,,,,,-8.5,,DraftKings,,,,,,,,,,,,,,,,,,,,False
eacca400e474d79f515ad494,401856810,,unmatched,2026-09-03T05:36:45.131457+00:00,production-model-a-2026-week1-freeze-v1,2,2026-09-12T19:30:00.000Z,Arizona,BYU,BYU,ALIGNED,-7.0,54.0,66.9,-7.0,54.0,False,,,,,,,,-6.5,,DraftKings,,,,,,,,,,,,,,,,,,,,False
d1b08378babc406437475203,401860884,,unmatched,2026-09-03T05:36:45.131457+00:00,production-model-a-2026-week1-freeze-v1,2,2026-09-12T19:30:00.000Z,UTSA,Texas State,UTSA,ALIGNED,-1.0,54.5,52.5,-1.0,54.5,False,,,,,,,,-1.5,,DraftKings,,,,,,,,,,,,,,,,,,,,False
061c54d91f9ee3b39f3f740a,401856677,,unmatched,2026-09-03T05:36:45.131457+00:00,production-model-a-2026-week1-freeze-v1,2,2026-09-12T19:30:00.000Z,Mississippi State,Minnesota,Minnesota,ALIGNED,-3.5,51.0,58.7,-3.5,51.0,False,,,,,,,,-2.5,,DraftKings,,,,,,,,,,,,,,,,,,,,False
6afbffd697ea000696d7121a,401856674,,unmatched,2026-09-03T05:36:45.131457+00:00,production-model-a-2026-week1-freeze-v1,2,2026-09-12T19:30:00.000Z,Alabama,Kentucky,Kentucky,SLIGHT EDGE,7.0,52.5,33.1,7.0,52.5,False,,,,,,,,10.5,,DraftKings,,,,,,,,,,,,,,,,,,,,False
57aa65866422bb8b68d26de3,401860881,,unmatched,2026-09-03T05:36:45.131457+00:00,production-model-a-2026-week1-freeze-v1,2,2026-09-12T22:00:00.000Z,Memphis,Boise State,Memphis,ALIGNED,-4.5,53.5,61.1,-4.5,53.5,False,,,,,,,,-6.5,,DraftKings,,,,,,,,,,,,,,,,,,,,False
4030332f32e46727ff36b5a2,401856681,,unmatched,2026-09-03T05:36:45.131457+00:00,production-model-a-2026-week1-freeze-v1,2,2026-09-12T23:00:00.000Z,Tennessee,Georgia Tech,Georgia Tech,ALIGNED,7.0,56.0,33.1,7.0,56.0,False,,,,,,,,8.5,,DraftKings,,,,,,,,,,,,,,,,,,,,False
1108cf44796c74f12710ea5b,401858443,,unmatched,2026-09-03T05:36:45.131457+00:00,production-model-a-2026-week1-freeze-v1,2,2026-09-12T23:15:00.000Z,San Diego State,UCLA,San Diego State,SLIGHT EDGE,-5.0,52.5,62.3,-5.0,52.5,False,,,,,,,,-8.5,,DraftKings,,,,,,,,,,,,,,,,,,,,False
7835b30b96a349d4532c75c4,401856682,,unmatched,2026-09-03T05:36:45.131457+00:00,production-model-a-2026-week1-freeze-v1,2,2026-09-12T23:30:00.000Z,Ohio State,Texas,Ohio State,EDGE,4.5,55.5,38.9,4.5,55.5,False,,,,,,,,-1.5,47.5,DraftKings,,,,,,,,,,,,,,,,,,,,False
aef82d99c07915a371f2ec23,401856788,,unmatched,2026-09-03T05:36:45.131457+00:00,production-model-a-2026-week1-freeze-v1,2,2026-09-12T23:30:00.000Z,Iowa State,Iowa,Iowa,ALIGNED,-14.5,54.0,81.8,-14.5,54.0,False,,,,,,,,-12.5,41.5,DraftKings,,,,,,,,,,,,,,,,,,,,False
97bf1553b5cce3151ed4f5b2,401856670,,unmatched,2026-09-03T05:36:45.131457+00:00,production-model-a-2026-week1-freeze-v1,2,2026-09-13T02:15:00.000Z,Arkansas,Utah,Arkansas,SLIGHT EDGE,-6.0,56.0,64.6,-6.0,56.0,False,,,,,,,,-9.5,54.5,DraftKings,,,,,,,,,,,,,,,,,,,,False
d3cb95d75f833349190698da,401856811,,unmatched,2026-09-03T05:36:45.131457+00:00,production-model-a-2026-week1-freeze-v1,3,2026-09-19T00:00:00.000Z,Houston,Texas Tech,,ALIGNED,-13.5,54.0,80.1,-13.5,54.0,False,,,,,,,,-13.5,54.5,DraftKings,,,,,,,,,,,,,,,,,,,,False
6aefa883255fee875823dcf8,401856686,,unmatched,2026-09-03T05:36:45.131457+00:00,production-model-a-2026-week1-freeze-v1,3,2026-09-19T16:00:00.000Z,Georgia,Arkansas,Arkansas,SLIGHT EDGE,13.5,55.0,19.9,13.5,55.0,False,,,,,,,,16.5,55.5,FanDuel,,,,,,,,,,,,,,,,,,,,False
7274cbc28afadaead0500ead,401858230,,unmatched,2026-09-03T05:36:45.131457+00:00,production-model-a-2026-week1-freeze-v1,3,2026-09-19T19:30:00.000Z,SMU,Louisville,,ALIGNED,-1.5,54.5,53.7,-1.5,54.5,False,,,,,,,,-1.5,56.5,DraftKings,,,,,,,,,,,,,,,,,,,,False
65cb71a0b7e76ceb0677ff8c,401856687,,unmatched,2026-09-03T05:36:45.131457+00:00,production-model-a-2026-week1-freeze-v1,3,2026-09-19T23:00:00.000Z,Florida,Auburn,Auburn,ALIGNED,0.0,53.0,50.0,0.0,53.0,False,,,,,,,,1.5,53.5,DraftKings,,,,,,,,,,,,,,,,,,,,False
6305b882c392fbf701ea2520,401856688,,unmatched,2026-09-03T05:36:45.131457+00:00,production-model-a-2026-week1-freeze-v1,3,2026-09-19T23:30:00.000Z,LSU,Ole Miss,LSU,ALIGNED,0.5,53.5,48.8,0.5,53.5,False,,,,,,,,-1.5,57.5,DraftKings,,,,,,,,,,,,,,,,,,,,False
fdcdd69a7bf1829302726ce1,401856700,,unmatched,2026-09-03T05:36:45.131457+00:00,production-model-a-2026-week1-freeze-v1,4,2026-09-26T04:00:00.000Z,Oklahoma,Georgia,Oklahoma,ALIGNED,-9.0,54.0,71.3,-9.0,54.0,False,,,,,,,,-10.0,52.5,DraftKings,,,,,,,,,,,,,,,,,,,,False
2c997b74e99468ee5affb6d6,401856702,,unmatched,2026-09-03T05:36:45.131457+00:00,production-model-a-2026-week1-freeze-v1,4,2026-09-26T04:00:00.000Z,Texas A&M,LSU,,ALIGNED,-3.0,53.0,57.4,-3.0,53.0,False,,,,,,,,-3.0,56.5,DraftKings,,,,,,,,,,,,,,,,,,,,False
1586e06a1c4b5d9ab0731951,401856704,,unmatched,2026-09-03T05:36:45.131457+00:00,production-model-a-2026-week1-freeze-v1,4,2026-09-26T16:00:00.000Z,Texas,Tennessee,Tennessee,EDGE,1.0,54.5,47.5,1.0,54.5,False,,,,,,,,6.5,56.5,DraftKings,,,,,,,,,,,,,,,,,,,,False
c0525d08b556ef7d1861a6c6,401858249,,unmatched,2026-09-03T05:36:45.131457+00:00,production-model-a-2026-week1-freeze-v1,5,2026-10-03T04:00:00.000Z,Miami,Clemson,Clemson,SLIGHT EDGE,3.5,54.5,41.3,3.5,54.5,False,,,,,,,,7.0,55.5,DraftKings,,,,,,,,,,,,,,,,,,,,False
df05bb7bd49d7be420c7cbd0,401856712,,unmatched,2026-09-03T05:36:45.131457+00:00,production-model-a-2026-week1-freeze-v1,6,2026-10-10T04:00:00.000Z,Georgia,Alabama,Georgia,ALIGNED,3.5,54.5,41.3,3.5,54.5,False,,,,,,,,3.0,50.5,DraftKings,,,,,,,,,,,,,,,,,,,,False
8fe1a0e3352de4cee177eb59,401856717,,unmatched,2026-09-03T05:36:45.131457+00:00,production-model-a-2026-week1-freeze-v1,6,2026-10-10T19:30:00.000Z,Texas,Oklahoma,Oklahoma,SLIGHT EDGE,3.0,52.5,42.6,3.0,52.5,False,,,,,,,,6.0,48.5,DraftKings,,,,,,,,,,,,,,,,,,,,False
0358f52951c5d082ba4d9925,401856719,,unmatched,2026-09-03T05:36:45.131457+00:00,production-model-a-2026-week1-freeze-v1,7,2026-10-17T04:00:00.000Z,Auburn,Georgia,Auburn,ALIGNED,-14.5,55.0,81.8,-14.5,55.0,False,,,,,,,,-16.5,54.5,DraftKings,,,,,,,,,,,,,,,,,,,,False
e12302dffdf78494c7dd3b1d,401858488,,unmatched,2026-09-03T05:36:45.131457+00:00,production-model-a-2026-week1-freeze-v1,7,2026-10-17T04:00:00.000Z,Ohio State,Indiana,Ohio State,SLIGHT EDGE,2.5,58.5,43.8,2.5,58.5,False,,,,,,,,-1.5,48.5,DraftKings,,,,,,,,,,,,,,,,,,,,False
7fa4118df28503e6f6e57ebe,401858490,,unmatched,2026-09-03T05:36:45.131457+00:00,production-model-a-2026-week1-freeze-v1,7,2026-10-17T04:00:00.000Z,Penn State,Michigan,Penn State,SLIGHT EDGE,-3.5,54.5,58.7,-3.5,54.5,False,,,,,,,,-6.5,51.5,DraftKings,,,,,,,,,,,,,,,,,,,,False
a676576357f8e13bc420463f,401858492,,unmatched,2026-09-03T05:36:45.131457+00:00,production-model-a-2026-week1-freeze-v1,7,2026-10-17T04:00:00.000Z,Nebraska,Oregon,Nebraska,SLIGHT EDGE,-18.5,55.0,87.6,-18.5,55.0,False,,,,,,,,-21.5,51.5,DraftKings,,,,,,,,,,,,,,,,,,,,False
c14ce4a35f8213f4522a5d1a,401856723,,unmatched,2026-09-03T05:36:45.131457+00:00,production-model-a-2026-week1-freeze-v1,7,2026-10-17T04:00:00.000Z,Alabama,Tennessee,Tennessee,SLIGHT EDGE,-3.0,55.0,57.4,-3.0,55.0,False,,,,,,,,1.5,56.5,DraftKings,,,,,,,,,,,,,,,,,,,,False
120c5c7c2bc7575c49483114,401856809,,unmatched,2026-09-03T05:36:45.131457+00:00,production-model-a-2026-week1-freeze-v1,7,2026-10-17T04:00:00.000Z,Notre Dame,BYU,BYU,SLIGHT EDGE,6.0,56.0,35.4,6.0,56.0,False,,,,,,,,10.0,54.5,DraftKings,,,,,,,,,,,,,,,,,,,,False
3bfc43f4438b0a24b989ea05,401856830,,unmatched,2026-09-03T05:36:45.131457+00:00,production-model-a-2026-week1-freeze-v1,7,2026-10-17T04:00:00.000Z,Kansas,Kansas State,Kansas,ALIGNED,-7.0,53.5,66.9,-7.0,53.5,False,,,,,,,,-7.5,54.5,DraftKings,,,,,,,,,,,,,,,,,,,,False
2a7c07c3790175644717242d,401856727,,unmatched,2026-09-03T05:36:45.131457+00:00,production-model-a-2026-week1-freeze-v1,8,2026-10-24T04:00:00.000Z,Texas A&M,Alabama,Texas A&M,ALIGNED,-0.5,54.0,51.2,-0.5,54.0,False,,,,,,,,-2.5,54.5,DraftKings,,,,,,,,,,,,,,,,,,,,False
68536d8ca54356a92fb40f8c,401856732,,unmatched,2026-09-03T05:36:45.131457+00:00,production-model-a-2026-week1-freeze-v1,8,2026-10-24T04:00:00.000Z,Ole Miss,Texas,Ole Miss,ALIGNED,-8.0,54.0,69.1,-8.0,54.0,False,,,,,,,,-8.5,54.5,DraftKings,,,,,,,,,,,,,,,,,,,,False
3d2c1bebc9b26974fcd9a9f2,401856837,,unmatched,2026-09-03T05:36:45.131457+00:00,production-model-a-2026-week1-freeze-v1,8,2026-10-24T04:00:00.000Z,Houston,Utah,Houston,ALIGNED,-5.0,55.0,62.3,-5.0,55.0,False,,,,,,,,-6.5,50.5,DraftKings,,,,,,,,,,,,,,,,,,,,False
0e28a0ccce23b5081481c114,401858496,,unmatched,2026-09-03T05:36:45.131457+00:00,production-model-a-2026-week1-freeze-v1,8,2026-10-24T04:00:00.000Z,Indiana,Michigan,Michigan,ALIGNED,3.5,56.0,41.3,3.5,56.0,False,,,,,,,,6.0,52.5,DraftKings,,,,,,,,,,,,,,,,,,,,False
32c9bac55e72c891dd20a6d8,401856734,,unmatched,2026-09-03T05:36:45.131457+00:00,production-model-a-2026-week1-freeze-v1,9,2026-10-31T19:30:00.000Z,Florida,Georgia,Florida,SLIGHT EDGE,-8.5,54.0,70.2,-8.5,54.0,False,,,,,,,,-12.5,53.5,DraftKings,,,,,,,,,,,,,,,,,,,,False
0fc4032783f19d9992ea6ce2,401856740,,unmatched,2026-09-03T05:36:45.131457+00:00,production-model-a-2026-week1-freeze-v1,10,2026-11-07T05:00:00.000Z,Alabama,LSU,LSU,ALIGNED,-5.5,52.5,63.4,-5.5,52.5,False,,,,,,,,-3.5,54.5,DraftKings,,,,,,,,,,,,,,,,,,,,False
ba321ebfb0d76e0f87561876,401856741,,unmatched,2026-09-03T05:36:45.131457+00:00,production-model-a-2026-week1-freeze-v1,10,2026-11-07T05:00:00.000Z,Georgia,Ole Miss,Georgia,ALIGNED,5.0,56.0,37.7,5.0,56.0,False,,,,,,,,4.5,55.5,DraftKings,,,,,,,,,,,,,,,,,,,,False
4dbaa16539dd4b32c09d7b86,401856849,,unmatched,2026-09-03T05:36:45.131457+00:00,production-model-a-2026-week1-freeze-v1,10,2026-11-07T05:00:00.000Z,BYU,Utah,BYU,SLIGHT EDGE,1.0,56.0,47.5,1.0,56.0,False,,,,,,,,-3.0,51.5,DraftKings,,,,,,,,,,,,,,,,,,,,False
bd5d2855b1151e7ac0213b2d,401858511,,unmatched,2026-09-03T05:36:45.131457+00:00,production-model-a-2026-week1-freeze-v1,10,2026-11-07T05:00:00.000Z,Michigan State,Michigan,Michigan State,ALIGNED,-14.5,52.5,81.8,-14.5,52.5,False,,,,,,,,-16.5,50.5,DraftKings,,,,,,,,,,,,,,,,,,,,False
745f595441c886da56a7bf73,401858514,,unmatched,2026-09-03T05:36:45.131457+00:00,production-model-a-2026-week1-freeze-v1,10,2026-11-07T05:00:00.000Z,Oregon,Ohio State,,ALIGNED,-6.0,57.5,64.6,-6.0,57.5,False,,,,,,,,-6.0,52.5,DraftKings,,,,,,,,,,,,,,,,,,,,False
ef852f2efd965f791135ff38,401858291,,unmatched,2026-09-03T05:36:45.131457+00:00,production-model-a-2026-week1-freeze-v1,10,2026-11-08T00:30:00.000Z,Miami,Notre Dame,,ALIGNED,-6.5,56.5,65.8,-6.5,56.5,False,,,,,,,,-6.5,54.5,DraftKings,,,,,,,,,,,,,,,,,,,,False
a198159ebdfed89666656dbd,401858523,,unmatched,2026-09-03T05:36:45.131457+00:00,production-model-a-2026-week1-freeze-v1,11,2026-11-14T05:00:00.000Z,Michigan,Oregon,Michigan,ALIGNED,-13.0,55.0,79.2,-13.0,55.0,False,,,,,,,,-13.5,53.5,DraftKings,,,,,,,,,,,,,,,,,,,,False
f1a8be0687c4d22425208078,401858296,,unmatched,2026-09-03T05:36:45.131457+00:00,production-model-a-2026-week1-freeze-v1,11,2026-11-14T05:00:00.000Z,Duke,Miami,Duke,EDGE,-15.0,54.5,82.6,-15.0,54.5,False,,,,,,,,-21.0,55.5,DraftKings,,,,,,,,,,,,,,,,,,,,False
3cda94ef656144ca4907a38f,401856888,,unmatched,2026-09-03T05:36:45.131457+00:00,production-model-a-2026-week1-freeze-v1,11,2026-11-14T05:00:00.000Z,Tennessee,Texas A&M,Tennessee,ALIGNED,-6.0,55.5,64.6,-6.0,55.5,False,,,,,,,,-8.5,55.5,DraftKings,,,,,,,,,,,,,,,,,,,,False
04e724d8b5ba50ef31c7e157,401856887,,unmatched,2026-09-03T05:36:45.131457+00:00,production-model-a-2026-week1-freeze-v1,11,2026-11-14T05:00:00.000Z,Ole Miss,Oklahoma,Oklahoma,ALIGNED,-4.5,54.0,61.1,-4.5,54.0,False,,,,,,,,-4.0,53.5,DraftKings,,,,,,,,,,,,,,,,,,,,False
250790f352170b32ed070caf,401856885,,unmatched,2026-09-03T05:36:45.131457+00:00,production-model-a-2026-week1-freeze-v1,11,2026-11-14T05:00:00.000Z,Texas,LSU,LSU,SLIGHT EDGE,-1.5,52.0,53.7,-1.5,52.0,False,,,,,,,,2.5,54.5,DraftKings,,,,,,,,,,,,,,,,,,,,False
696f4035e6804e777c990408,401856863,,unmatched,2026-09-03T05:36:45.131457+00:00,production-model-a-2026-week1-freeze-v1,11,2026-11-14T05:00:00.000Z,Texas Tech,Oklahoma State,Oklahoma State,EDGE,9.0,52.0,28.7,9.0,52.0,False,,,,,,,,15.5,61.5,DraftKings,,,,,,,,,,,,,,,,,,,,False
f92fbbabea675ea91a0b25dc,401856752,,unmatched,2026-09-03T05:36:45.131457+00:00,production-model-a-2026-week1-freeze-v1,12,2026-11-21T05:00:00.000Z,Texas A&M,Oklahoma,Texas A&M,ALIGNED,-1.5,53.5,53.7,-1.5,53.5,False,,,,,,,,-2.5,51.5,DraftKings,,,,,,,,,,,,,,,,,,,,False
960be8a5dc5aee4e8aa01321,401856754,,unmatched,2026-09-03T05:36:45.131457+00:00,production-model-a-2026-week1-freeze-v1,12,2026-11-21T05:00:00.000Z,LSU,Tennessee,Tennessee,ALIGNED,-1.0,54.0,52.5,-1.0,54.0,False,,,,,,,,1.5,57.5,DraftKings,,,,,,,,,,,,,,,,,,,,False
be0847bf3e2d6740d6b5e986,401858302,,unmatched,2026-09-03T05:36:45.131457+00:00,production-model-a-2026-week1-freeze-v1,12,2026-11-21T05:00:00.000Z,Virginia Tech,Miami,Virginia Tech,SLIGHT EDGE,-12.5,53.0,78.3,-12.5,53.0,False,,,,,,,,-16.5,56.5,DraftKings,,,,,,,,,,,,,,,,,,,,False
fdea706e5a6df9892ab375fa,401858307,,unmatched,2026-09-03T05:36:45.131457+00:00,production-model-a-2026-week1-freeze-v1,12,2026-11-22T00:30:00.000Z,SMU,Notre Dame,SMU,SLIGHT EDGE,-14.0,56.0,80.9,-14.0,56.0,False,,,,,,,,-17.5,56.5,DraftKings,,,,,,,,,,,,,,,,,,,,False
a5690daf09e80b495d23fb3d,401856762,,unmatched,2026-09-03T05:36:45.131457+00:00,production-model-a-2026-week1-freeze-v1,13,2026-11-27T17:00:00.000Z,Mississippi State,Ole Miss,Mississippi State,SLIGHT EDGE,-11.5,53.5,76.4,-11.5,53.5,False,,,,,,,,-14.5,56.5,DraftKings,,,,,,,,,,,,,,,,,,,,False
a61d3256706b6b0a43c3e280,401856756,,unmatched,2026-09-03T05:36:45.131457+00:00,production-model-a-2026-week1-freeze-v1,13,2026-11-28T00:30:00.000Z,Texas,Texas A&M,Texas A&M,SLIGHT EDGE,-1.5,53.5,53.7,-1.5,53.5,False,,,,,,,,2.5,53.5,DraftKings,,,,,,,,,,,,,,,,,,,,False
ca7e44a925c559546dc7efeb,401858541,,unmatched,2026-09-03T05:36:45.131457+00:00,production-model-a-2026-week1-freeze-v1,13,2026-11-28T05:00:00.000Z,Washington,Oregon,Washington,ALIGNED,-13.5,56.5,80.1,-13.5,56.5,False,,,,,,,,-15.5,54.5,DraftKings,,,,,,,,,,,,,,,,,,,,False
6a73c3941680b6bddf4f48ad,401856757,,unmatched,2026-09-03T05:36:45.131457+00:00,production-model-a-2026-week1-freeze-v1,13,2026-11-28T05:00:00.000Z,Auburn,Alabama,Auburn,ALIGNED,-8.0,54.0,69.1,-8.0,54.0,False,,,,,,,,-10.0,52.5,DraftKings,,,,,,,,,,,,,,,,,,,,False
06a904e3b4129442f1ded08d,401856764,,unmatched,2026-09-03T05:36:45.131457+00:00,production-model-a-2026-week1-freeze-v1,13,2026-11-28T05:00:00.000Z,South Carolina,Clemson,Clemson,ALIGNED,-3.5,52.0,58.7,-3.5,52.0,False,,,,,,,,-3.0,53.5,DraftKings,,,,,,,,,,,,,,,,,,,,False
ff0887d87160087c0f1f9e67,401856765,,unmatched,2026-09-03T05:36:45.131457+00:00,production-model-a-2026-week1-freeze-v1,13,2026-11-28T05:00:00.000Z,Tennessee,Vanderbilt,Tennessee,ALIGNED,4.0,57.0,40.1,4.0,57.0,False,,,,,,,,3.0,57.5,DraftKings,,,,,,,,,,,,,,,,,,,,False
25b6084de213a3edfed2a357,401856873,,unmatched,2026-09-03T05:36:45.131457+00:00,production-model-a-2026-week1-freeze-v1,13,2026-11-28T05:00:00.000Z,Arizona State,Arizona,Arizona,ALIGNED,-5.5,53.0,63.4,-5.5,53.0,False,,,,,,,,-4.5,52.5,DraftKings,,,,,,,,,,,,,,,,,,,,False
e41a3fb623d95651229dcb9c,401858537,,unmatched,2026-09-03T05:36:45.131457+00:00,production-model-a-2026-week1-freeze-v1,13,2026-11-28T05:00:00.000Z,Illinois,Northwestern,Northwestern,ALIGNED,2.5,53.5,43.8,2.5,53.5,False,,,,,,,,3.5,52.5,DraftKings,,,,,,,,,,,,,,,,,,,,False
d29beb3df3595bbd1e39087c,401858540,,unmatched,2026-09-03T05:36:45.131457+00:00,production-model-a-2026-week1-freeze-v1,13,2026-11-28T17:00:00.000Z,Michigan,Ohio State,Ohio State,ALIGNED,-15.5,56.0,83.4,-15.5,56.0,False,,,,,,,,-13.5,46.5,DraftKings,,,,,,,,,,,,,,,,,,,,False
16d3af4571f169154333018f,401858204,,unmatched,2026-09-03T10:24:03.976750+00:00,production-model-a-2026-week1-freeze-v1,1,2026-09-03T23:00:00.000Z,Akron,Wake Forest,Akron,ALIGNED,-22.0,51.5,91.5,-22.0,51.0,True,93°F · 6 mph wind · Dry,Minimal,-0.5,0.0,LOCKED,,,-24.5,48.5,DraftKings,,,,,,,-27.5,-3.0,,,,,,,,,,,,False
68029c8db87e6d00a930c9ce,401856776,,unmatched,2026-09-03T10:24:03.976750+00:00,production-model-a-2026-week1-freeze-v1,1,2026-09-04T00:00:00.000Z,Colorado,Georgia Tech,Colorado,ALIGNED,-6.0,52.5,64.6,-6.0,52.0,True,91°F · 5 mph wind · gusts 12 · Dry,Minimal,-0.5,0.0,LOCKED,,,-6.5,50.5,DraftKings,,,,,,,-6.5,0.0,,,,,,,,,,,,False
1df35f9d086dea748ac6dbc0,401858424,,unmatched,2026-09-03T10:24:03.976750+00:00,production-model-a-2026-week1-freeze-v1,1,2026-09-04T01:00:00.000Z,UAB,Illinois,UAB,SLIGHT EDGE,-23.5,52.5,92.9,-23.5,52.5,True,85°F · 5 mph wind · Dry,Minimal,0.0,0.0,LOCKED,,,-27.5,54.5,DraftKings,,,,,,,-25.5,2.0,,,,,,,,,,,,False
6558df84ea4cb016330e286c,401864495,,unmatched,2026-09-03T10:24:03.976750+00:00,production-model-a-2026-week1-freeze-v1,1,2026-09-04T22:30:00.000Z,San Jose State,Eastern Michigan,Eastern Michigan,ALIGNED,-5.0,52.5,62.3,-5.0,52.5,True,80°F · 4 mph wind · Dry,Minimal,0.0,0.0,LOCKED,,,-3.0,56.5,DraftKings,,,,,,,,,,,,,,,,,,,,False
b09b47a9bb73fc329c407dec,401858429,,unmatched,2026-09-03T10:24:03.976750+00:00,production-model-a-2026-week1-freeze-v1,1,2026-09-05T00:00:00.000Z,Toledo,Michigan State,Michigan State,ALIGNED,-10.5,53.5,74.4,-10.5,53.5,True,72°F · 6 mph wind · gusts 11 · Dry,Minimal,0.0,0.0,LOCKED,,,-10.0,46.5,DraftKings,,,,,,,,,,,,,,,,,,,,False
ebe809a310e6b3e7c26978bc,401856664,,unmatched,2026-09-03T10:24:03.976750+00:00,production-model-a-2026-week1-freeze-v1,1,2026-09-05T00:00:00.000Z,UTEP,Oklahoma,UTEP,STRONG EDGE,-32.0,50.5,97.7,-32.0,49.5,True,93°F · 13 mph wind · gusts 20 · Dry,Moderate,-1.0,0.0,LOCKED,,,-40.5,51.5,DraftKings,,,,,,,,,,,,,,,,,,,,False
24a2c59be72cc3f098ea2396,401858436,,unmatched,2026-09-03T10:24:03.976750+00:00,production-model-a-2026-week1-freeze-v1,1,2026-09-05T01:00:00.000Z,Fresno State,USC,Fresno State,STRONG EDGE,-14.0,54.5,80.9,-14.0,54.5,True,Forecast unavailable,Minimal,0.0,0.0,LOCKED,,,-22.5,51.5,DraftKings,,,,,,,,,,,,,,,,,,,,False
f268b2f88402528206345e99,401858206,,unmatched,2026-09-03T10:24:03.976750+00:00,production-model-a-2026-week1-freeze-v1,1,2026-09-05T01:00:00.000Z,Miami,Stanford,Stanford,STRONG EDGE,15.0,53.0,17.4,15.0,53.0,True,Forecast unavailable,Minimal,0.0,0.0,LOCKED,,,24.5,48.5,DraftKings,,,,,,,,,,,,,,,,,,,,False
0f3c8ee79e88328dcbb99180,401869960,,unmatched,2026-09-03T10:24:03.976750+00:00,production-model-a-2026-week1-freeze-v1,1,2026-09-05T16:00:00.000Z,Liberty,James Madison,Liberty,ALIGNED,-5.5,54.0,63.4,-5.5,54.0,True,Forecast unavailable,Minimal,0.0,0.0,LOCKED,,,-6.0,50.5,DraftKings,,,,,,,,,,,,,,,,,,,,False
4909ae344475567596dcd55c,401858430,,unmatched,2026-09-03T10:24:03.976750+00:00,production-model-a-2026-week1-freeze-v1,1,2026-09-05T16:00:00.000Z,Ohio,Nebraska,Ohio,SLIGHT EDGE,-19.0,53.5,88.2,-19.0,53.5,True,Forecast unavailable,Minimal,0.0,0.0,LOCKED,,,-23.5,46.5,DraftKings,,,,,,,,,,,,,,,,,,,,False
113f969203160f01c769e5d8,401856780,,unmatched,2026-09-03T10:24:03.976750+00:00,production-model-a-2026-week1-freeze-v1,1,2026-09-05T16:00:00.000Z,Coastal Carolina,West Virginia,Coastal Carolina,STRONG EDGE,-12.5,50.0,78.3,-12.5,50.0,True,Forecast unavailable,Minimal,0.0,0.0,LOCKED,,,-21.0,56.5,DraftKings,,,,,,,,,,,,,,,,,,,,False
e526bc7020ae57951cc8f975,401858425,,unmatched,2026-09-03T10:24:03.976750+00:00,production-model-a-2026-week1-freeze-v1,1,2026-09-05T16:00:00.000Z,North Texas,Indiana,North Texas,STRONG EDGE,-31.5,57.5,97.6,-31.5,57.5,True,Forecast unavailable,Minimal,0.0,0.0,LOCKED,,,-40.5,55.5,DraftKings,,,,,,,,,,,,,,,,,,,,False
d39335621059c08f18c98243,401856778,,unmatched,2026-09-03T10:24:03.976750+00:00,production-model-a-2026-week1-freeze-v1,1,2026-09-05T16:00:00.000Z,Oregon State,Houston,Oregon State,STRONG EDGE,-12.0,52.0,77.3,-12.0,52.0,True,Forecast unavailable,Minimal,0.0,0.0,LOCKED,,,-20.5,49.5,DraftKings,,,,,,,,,,,,,,,,,,,,False
fc2c50bcd02988e11b0f9d7b,401856634,,unmatched,2026-09-03T10:24:03.976750+00:00,production-model-a-2026-week1-freeze-v1,1,2026-09-05T16:00:00.000Z,East Carolina,Alabama,East Carolina,STRONG EDGE,-18.5,54.5,87.6,-18.5,54.5,True,Forecast unavailable,Minimal,0.0,0.0,LOCKED,,,-28.5,52.5,DraftKings,,,,,,,,,,,,,,,,,,,,False
9fabfb8ea4368fb326261aa0,401858207,,unmatched,2026-09-03T10:24:03.976750+00:00,production-model-a-2026-week1-freeze-v1,1,2026-09-05T16:30:00.000Z,Miami (OH),Pittsburgh,Miami (OH),EDGE,-10.0,52.5,73.4,-10.0,52.5,True,Forecast unavailable,Minimal,0.0,0.0,LOCKED,,,-16.5,47.5,DraftKings,,,,,,,,,,,,,,,,,,,,False
537aa8ce45b40e32f59abbfc,401858432,,unmatched,2026-09-03T10:24:03.976750+00:00,production-model-a-2026-week1-freeze-v1,1,2026-09-05T16:30:00.000Z,Ball State,Ohio State,Ball State,ALIGNED,-48.0,53.0,99.0,-48.0,53.0,True,Forecast unavailable,Minimal,0.0,0.0,LOCKED,,,-50.5,55.5,DraftKings,,,,,,,,,,,,,,,,,,,,False
ee3f13cc1586f4a9f4919d0e,401856665,,unmatched,2026-09-03T10:24:03.976750+00:00,production-model-a-2026-week1-freeze-v1,1,2026-09-05T16:45:00.000Z,Kent State,South Carolina,Kent State,EDGE,-29.5,50.5,96.7,-29.5,50.5,True,Forecast unavailable,Minimal,0.0,0.0,LOCKED,,,-35.5,54.5,DraftKings,,,,,,,,,,,,,,,,,,,,False
90c2db6ba1cc10a331246be0,401858433,,unmatched,2026-09-03T10:24:03.976750+00:00,production-model-a-2026-week1-freeze-v1,1,2026-09-05T19:30:00.000Z,Boise State,Oregon,Boise State,ALIGNED,-22.0,55.0,91.5,-22.0,55.0,True,Forecast unavailable,Minimal,0.0,0.0,LOCKED,,,-24.5,51.5,DraftKings,,,,,,,,,,,,,,,,,,,,False
331ba35bae5fad0ba86a0796,401856777,,unmatched,2026-09-03T10:24:03.976750+00:00,production-model-a-2026-week1-freeze-v1,1,2026-09-05T19:30:00.000Z,Boston College,Cincinnati,Boston College,ALIGNED,-6.0,53.0,64.6,-6.0,53.0,True,Forecast unavailable,Minimal,0.0,0.0,LOCKED,,,-7.5,49.5,DraftKings,,,,,,,,,,,,,,,,,,,,False
9874ddc5c61793358e77b0c3,401856636,,unmatched,2026-09-03T10:24:03.976750+00:00,production-model-a-2026-week1-freeze-v1,1,2026-09-05T19:30:00.000Z,Baylor,Auburn,Baylor,ALIGNED,-6.0,53.5,64.6,-6.0,53.5,True,Forecast unavailable,Minimal,0.0,0.0,LOCKED,,,-7.5,58.5,DraftKings,,,,,,,,,,,,,,,,,,,,False
64ecd27553c4d87455e528fa,401858434,,unmatched,2026-09-03T10:24:03.976750+00:00,production-model-a-2026-week1-freeze-v1,1,2026-09-05T19:30:00.000Z,Marshall,Penn State,Marshall,ALIGNED,-22.0,54.0,91.5,-22.0,54.0,True,Forecast unavailable,Minimal,0.0,0.0,LOCKED,,,-24.5,52.5,DraftKings,,,,,,,,,,,,,,,,,,,,False
dd567a8aa27555ddee4e5d10,401856667,,unmatched,2026-09-03T10:24:03.976750+00:00,production-model-a-2026-week1-freeze-v1,1,2026-09-05T19:30:00.000Z,Texas State,Texas,Texas State,STRONG EDGE,-22.0,54.0,91.5,-22.0,54.0,True,Forecast unavailable,Minimal,0.0,0.0,LOCKED,,,-29.5,59.5,DraftKings,,,,,,,,,,,,,,,,,,,,False
31291bbe23d75a4fbde96ddd,401858209,,unmatched,2026-09-03T10:24:03.976750+00:00,production-model-a-2026-week1-freeze-v1,1,2026-09-05T19:30:00.000Z,Tulane,Duke,Duke,ALIGNED,-10.0,54.0,73.4,-10.0,54.0,True,Forecast unavailable,Minimal,0.0,0.0,LOCKED,,,-7.5,50.5,DraftKings,,,,,,,,,,,,,,,,,,,,False
65f6e4d9ff8ffdb09ab676a0,401856772,,unmatched,2026-09-03T10:24:03.976750+00:00,production-model-a-2026-week1-freeze-v1,1,2026-09-05T19:45:00.000Z,Oklahoma State,Tulsa,Tulsa,SLIGHT EDGE,8.5,49.5,29.8,8.5,49.5,True,Forecast unavailable,Minimal,0.0,0.0,LOCKED,,,13.5,59.5,DraftKings,,,,,,,,,,,,,,,,,,,,False
2263c323ed8d7dfa9f6b3ca0,401858426,,unmatched,2026-09-03T10:24:03.976750+00:00,production-model-a-2026-week1-freeze-v1,1,2026-09-05T20:15:00.000Z,Northern Illinois,Iowa,Northern Illinois,SLIGHT EDGE,-27.0,51.5,95.4,-27.0,51.5,True,Forecast unavailable,Minimal,0.0,0.0,LOCKED,,,-31.5,44.5,DraftKings,,,,,,,,,,,,,,,,,,,,False
fbe69fe86e99df32e1d1d2dc,401860878,,unmatched,2026-09-03T10:24:03.976750+00:00,production-model-a-2026-week1-freeze-v1,1,2026-09-05T22:00:00.000Z,Wyoming,Colorado State,Wyoming,ALIGNED,-1.5,51.0,53.7,-1.5,51.0,True,Forecast unavailable,Minimal,0.0,0.0,LOCKED,,,-3.0,46.5,DraftKings,,,,,,,,,,,,,,,,,,,,False
ce8453d538fbeab4540a6682,401862699,,unmatched,2026-09-03T10:24:03.976750+00:00,production-model-a-2026-week1-freeze-v1,1,2026-09-05T23:00:00.000Z,Florida International,South Florida,Florida International,ALIGNED,-11.5,54.0,76.4,-11.5,54.0,True,Forecast unavailable,Minimal,0.0,0.0,LOCKED,,,-14.0,52.5,DraftKings,,,,,,,,,,,,,,,,,,,,False
94eb48dd84c14bba65b95efc,401856668,,unmatched,2026-09-03T10:24:03.976750+00:00,production-model-a-2026-week1-freeze-v1,1,2026-09-05T23:00:00.000Z,Missouri State,Texas A&M,Missouri State,EDGE,-34.0,53.0,98.3,-34.0,53.0,True,Forecast unavailable,Minimal,0.0,0.0,LOCKED,,,-40.5,53.5,DraftKings,,,,,,,,,,,,,,,,,,,,False
b7bc4f2bb2059406443838ae,401862695,,unmatched,2026-09-03T10:24:03.976750+00:00,production-model-a-2026-week1-freeze-v1,1,2026-09-05T23:00:00.000Z,Arkansas State,Memphis,Memphis,ALIGNED,-13.0,52.5,79.2,-13.0,52.5,True,Forecast unavailable,Minimal,0.0,0.0,LOCKED,,,-11.5,52.5,DraftKings,,,,,,,,,,,,,,,,,,,,False
f383cf5929c87110bae96357,401858428,,unmatched,2026-09-03T10:24:03.976750+00:00,production-model-a-2026-week1-freeze-v1,1,2026-09-05T23:30:00.000Z,Western Michigan,Michigan,Western Michigan,EDGE,-20.5,53.5,90.0,-20.5,53.5,True,Forecast unavailable,Minimal,0.0,0.0,LOCKED,,,-27.5,49.5,DraftKings,,,,,,,,,,,,,,,,,,,,False
e69cdb7d950445bfe90c1645,401856660,,unmatched,2026-09-03T10:24:03.976750+00:00,production-model-a-2026-week1-freeze-v1,1,2026-09-05T23:30:00.000Z,Clemson,LSU,Clemson,ALIGNED,-9.0,52.5,71.3,-9.0,52.0,True,86°F · 3 mph wind · Light rain,Moderate,-0.5,0.0,LOCKED,,,-10.0,50.5,DraftKings,,,,,,,,,,,,,,,,,,,,False
82b83f3d96aae4e237611084,401856662,,unmatched,2026-09-03T10:24:03.976750+00:00,production-model-a-2026-week1-freeze-v1,1,2026-09-05T23:30:00.000Z,UL Monroe,Mississippi State,,ALIGNED,-28.5,50.5,96.3,-28.5,50.0,True,92°F · 5 mph wind · Dry,Minimal,-0.5,0.0,LOCKED,,,-28.5,54.5,DraftKings,,,,,,,,,,,,,,,,,,,,False
f10db15d5c29a1dda9667899,401856637,,unmatched,2026-09-03T10:24:03.976750+00:00,production-model-a-2026-week1-freeze-v1,1,2026-09-05T23:45:00.000Z,Florida Atlantic,Florida,Florida Atlantic,EDGE,-19.5,52.0,88.9,-19.5,51.5,True,82°F · 2 mph wind · Light rain,Moderate,-0.5,0.0,LOCKED,,,-26.5,59.5,DraftKings,,,,,,,,,,,,,,,,,,,,False
e9cbf9407fee3069a367e63e,401864497,,unmatched,2026-09-03T10:24:03.976750+00:00,production-model-a-2026-week1-freeze-v1,1,2026-09-06T02:00:00.000Z,UNLV,Hawai'i,Hawai'i,SLIGHT EDGE,0.0,52.0,50.0,0.0,51.0,True,82°F · 11 mph wind · gusts 32 · Light rain,Moderate,-1.0,0.0,LOCKED,,,3.0,56.5,DraftKings,,,,,,,,,,,,,,,,,,,,False
34356f0d765c27aca4f57407,401864498,,unmatched,2026-09-03T10:24:03.976750+00:00,production-model-a-2026-week1-freeze-v1,1,2026-09-06T02:00:00.000Z,Central Michigan,New Mexico,New Mexico,SLIGHT EDGE,-13.5,52.5,80.1,-13.5,52.5,True,87°F · 7 mph wind · Dry,Minimal,0.0,0.0,LOCKED,,,-10.5,46.5,DraftKings,,,,,,,,,,,,,,,,,,,,False
c1b1f51e802e3681d7e4c746,401864432,,unmatched,2026-09-03T10:24:03.976750+00:00,production-model-a-2026-week1-freeze-v1,1,2026-09-06T02:30:00.000Z,Western Kentucky,Nevada,,ALIGNED,1.5,51.0,46.3,1.5,50.5,True,72°F · 6 mph wind · Light rain,Moderate,-0.5,0.0,LOCKED,,,1.5,52.5,DraftKings,,,,,,,,,,,,,,,,,,,,False
a62f5e73fe90c9ce2c3ec062,401858210,,unmatched,2026-09-03T10:24:03.976750+00:00,production-model-a-2026-week1-freeze-v1,1,2026-09-06T02:30:00.000Z,UCLA,California,California,ALIGNED,-0.5,51.5,51.2,-0.5,51.5,True,Forecast unavailable,Minimal,0.0,0.0,LOCKED,,,1.5,53.5,DraftKings,,,,,,,,,,,,,,,,,,,,False
6cf756d18a99e0a5b2c6a1eb,401858437,,unmatched,2026-09-03T10:24:03.976750+00:00,production-model-a-2026-week1-freeze-v1,1,2026-09-06T20:00:00.000Z,Washington State,Washington,Washington State,SLIGHT EDGE,-18.5,55.0,87.6,-18.5,55.0,True,Forecast unavailable,Minimal,0.0,0.0,LOCKED,,,-23.5,50.5,DraftKings,,,,,,,,,,,,,,,,,,,,False
cb21c28994448c4bd91b8724,401858438,,unmatched,2026-09-03T10:24:03.976750+00:00,production-model-a-2026-week1-freeze-v1,1,2026-09-06T23:30:00.000Z,Wisconsin,Notre Dame,Wisconsin,SLIGHT EDGE,-17.5,53.0,86.3,-17.5,53.0,True,Forecast unavailable,Minimal,0.0,0.0,LOCKED,,,-20.5,47.5,DraftKings,,,,,,,,,,,,,,,,,,,,False
3d9d31f43bd89eaac2ebd501,401856661,,unmatched,2026-09-03T10:24:03.976750+00:00,production-model-a-2026-week1-freeze-v1,1,2026-09-06T23:30:00.000Z,Louisville,Ole Miss,Louisville,ALIGNED,-4.0,55.0,59.9,-4.0,55.0,True,Forecast unavailable,Minimal,0.0,0.0,LOCKED,,,-6.5,55.5,DraftKings,,,,,,,,,,,,,,,,,,,,False
a65bc5fac6cc435e1859007d,401858212,,unmatched,2026-09-03T10:24:03.976750+00:00,production-model-a-2026-week1-freeze-v1,1,2026-09-07T23:30:00.000Z,SMU,Florida State,Florida State,SLIGHT EDGE,-0.5,54.5,51.2,-0.5,54.5,True,Forecast unavailable,Minimal,0.0,0.0,LOCKED,,,3.0,52.5,DraftKings,,,,,,,,,,,,,,,,,,,,False
f50ced250f244968019f1f95,401856678,,unmatched,2026-09-03T10:24:03.976750+00:00,production-model-a-2026-week1-freeze-v1,2,2026-09-12T00:00:00.000Z,Missouri,Kansas,Missouri,ALIGNED,7.0,54.5,33.1,7.0,54.5,False,,,,,,,,6.5,53.5,DraftKings,,,,,,,,,,,,,,,,,,,,False
35639db6aaf7e3516fc75dbb,401856683,,unmatched,2026-09-03T10:24:03.976750+00:00,production-model-a-2026-week1-freeze-v1,2,2026-09-12T16:00:00.000Z,Arizona State,Texas A&M,Texas A&M,ALIGNED,-15.5,53.5,83.4,-15.5,53.5,False,,,,,,,,-14.5,51.5,DraftKings,,,,,,,,,,,,,,,,,,,,False
45bf05f5cc703acd27dd523f,401858221,,unmatched,2026-09-03T10:24:03.976750+00:00,production-model-a-2026-week1-freeze-v1,2,2026-09-12T16:00:00.000Z,Old Dominion,Virginia Tech,Virginia Tech,ALIGNED,-14.5,53.5,81.8,-14.5,53.5,False,,,,,,,,-14.0,,DraftKings,,,,,,,,,,,,,,,,,,,,False
45fff852b68286fa2c5d012f,401856679,,unmatched,2026-09-03T10:24:03.976750+00:00,production-model-a-2026-week1-freeze-v1,2,2026-09-12T16:00:00.000Z,Oklahoma,Michigan,Michigan,SLIGHT EDGE,-1.5,53.0,53.7,-1.5,53.0,False,,,,,,,,1.5,46.5,DraftKings,,,,,,,,,,,,,,,,,,,,False
547db622a936f71fb3db89b0,401856782,,unmatched,2026-09-03T10:24:03.976750+00:00,production-model-a-2026-week1-freeze-v1,2,2026-09-12T16:00:00.000Z,Oregon,Oklahoma State,Oklahoma State,SLIGHT EDGE,14.5,52.0,18.2,14.5,52.0,False,,,,,,,,18.5,60.5,DraftKings,,,,,,,,,,,,,,,,,,,,False
c4259d5f3cd6a4b0015ae24b,401858217,,unmatched,2026-09-03T10:24:03.976750+00:00,production-model-a-2026-week1-freeze-v1,2,2026-09-12T19:30:00.000Z,Duke,Illinois,Duke,ALIGNED,-6.0,54.0,64.6,-6.0,54.0,False,,,,,,,,-8.5,,DraftKings,,,,,,,,,,,,,,,,,,,,False
ee89f2d6ab26412f09d2f895,401856810,,unmatched,2026-09-03T10:24:03.976750+00:00,production-model-a-2026-week1-freeze-v1,2,2026-09-12T19:30:00.000Z,Arizona,BYU,BYU,ALIGNED,-7.0,54.0,66.9,-7.0,54.0,False,,,,,,,,-6.5,,DraftKings,,,,,,,,,,,,,,,,,,,,False
7060d727050cd87ba53dc52e,401860884,,unmatched,2026-09-03T10:24:03.976750+00:00,production-model-a-2026-week1-freeze-v1,2,2026-09-12T19:30:00.000Z,UTSA,Texas State,UTSA,ALIGNED,-1.0,54.5,52.5,-1.0,54.5,False,,,,,,,,-1.5,,DraftKings,,,,,,,,,,,,,,,,,,,,False
25c91f97e18a87df24fb8b97,401856677,,unmatched,2026-09-03T10:24:03.976750+00:00,production-model-a-2026-week1-freeze-v1,2,2026-09-12T19:30:00.000Z,Mississippi State,Minnesota,Minnesota,ALIGNED,-3.5,51.0,58.7,-3.5,51.0,False,,,,,,,,-2.5,,DraftKings,,,,,,,,,,,,,,,,,,,,False
fd67f1d6c7b6ff802751a3bd,401856674,,unmatched,2026-09-03T10:24:03.976750+00:00,production-model-a-2026-week1-freeze-v1,2,2026-09-12T19:30:00.000Z,Alabama,Kentucky,Kentucky,SLIGHT EDGE,7.0,52.5,33.1,7.0,52.5,False,,,,,,,,10.5,,DraftKings,,,,,,,,,,,,,,,,,,,,False
dd538fc8ed324a8bc0ed72dd,401860881,,unmatched,2026-09-03T10:24:03.976750+00:00,production-model-a-2026-week1-freeze-v1,2,2026-09-12T22:00:00.000Z,Memphis,Boise State,Memphis,ALIGNED,-4.5,53.5,61.1,-4.5,53.5,False,,,,,,,,-6.5,,DraftKings,,,,,,,,,,,,,,,,,,,,False
2c9bedfe57290b4857033020,401856681,,unmatched,2026-09-03T10:24:03.976750+00:00,production-model-a-2026-week1-freeze-v1,2,2026-09-12T23:00:00.000Z,Tennessee,Georgia Tech,Georgia Tech,ALIGNED,7.0,56.0,33.1,7.0,56.0,False,,,,,,,,8.5,,DraftKings,,,,,,,,,,,,,,,,,,,,False
b1cfa08a5c4ef23799c3019b,401858443,,unmatched,2026-09-03T10:24:03.976750+00:00,production-model-a-2026-week1-freeze-v1,2,2026-09-12T23:15:00.000Z,San Diego State,UCLA,San Diego State,SLIGHT EDGE,-5.0,52.5,62.3,-5.0,52.5,False,,,,,,,,-8.5,,DraftKings,,,,,,,,,,,,,,,,,,,,False
f67155301ea7daa94165b956,401856682,,unmatched,2026-09-03T10:24:03.976750+00:00,production-model-a-2026-week1-freeze-v1,2,2026-09-12T23:30:00.000Z,Ohio State,Texas,Ohio State,EDGE,4.5,55.5,38.9,4.5,55.5,False,,,,,,,,-1.5,47.5,DraftKings,,,,,,,,,,,,,,,,,,,,False
7e03dc25304f2f11e172465e,401856788,,unmatched,2026-09-03T10:24:03.976750+00:00,production-model-a-2026-week1-freeze-v1,2,2026-09-12T23:30:00.000Z,Iowa State,Iowa,Iowa,ALIGNED,-14.5,54.0,81.8,-14.5,54.0,False,,,,,,,,-12.5,41.5,DraftKings,,,,,,,,,,,,,,,,,,,,False
b2e058993cbeba56c9fb8d61,401856670,,unmatched,2026-09-03T10:24:03.976750+00:00,production-model-a-2026-week1-freeze-v1,2,2026-09-13T02:15:00.000Z,Arkansas,Utah,Arkansas,SLIGHT EDGE,-6.0,56.0,64.6,-6.0,56.0,False,,,,,,,,-9.5,54.5,DraftKings,,,,,,,,,,,,,,,,,,,,False
3a9a976d0a640a7e06f0ea37,401856811,,unmatched,2026-09-03T10:24:03.976750+00:00,production-model-a-2026-week1-freeze-v1,3,2026-09-19T00:00:00.000Z,Houston,Texas Tech,,ALIGNED,-13.5,54.0,80.1,-13.5,54.0,False,,,,,,,,-13.5,54.5,DraftKings,,,,,,,,,,,,,,,,,,,,False
cafdfb0e88be0e2a5d3846d2,401856686,,unmatched,2026-09-03T10:24:03.976750+00:00,production-model-a-2026-week1-freeze-v1,3,2026-09-19T16:00:00.000Z,Georgia,Arkansas,Arkansas,SLIGHT EDGE,13.5,55.0,19.9,13.5,55.0,False,,,,,,,,16.5,55.5,FanDuel,,,,,,,,,,,,,,,,,,,,False
d9af4102b65c7a0a676f4d7d,401858230,,unmatched,2026-09-03T10:24:03.976750+00:00,production-model-a-2026-week1-freeze-v1,3,2026-09-19T19:30:00.000Z,SMU,Louisville,,ALIGNED,-1.5,54.5,53.7,-1.5,54.5,False,,,,,,,,-1.5,56.5,DraftKings,,,,,,,,,,,,,,,,,,,,False
5d9bd0ed49abdc847ae51330,401856687,,unmatched,2026-09-03T10:24:03.976750+00:00,production-model-a-2026-week1-freeze-v1,3,2026-09-19T23:00:00.000Z,Florida,Auburn,Auburn,ALIGNED,0.0,53.0,50.0,0.0,53.0,False,,,,,,,,1.5,53.5,DraftKings,,,,,,,,,,,,,,,,,,,,False
ef88e64e55385e668d774d03,401856688,,unmatched,2026-09-03T10:24:03.976750+00:00,production-model-a-2026-week1-freeze-v1,3,2026-09-19T23:30:00.000Z,LSU,Ole Miss,LSU,ALIGNED,0.5,53.5,48.8,0.5,53.5,False,,,,,,,,-1.5,57.5,DraftKings,,,,,,,,,,,,,,,,,,,,False
d9242a385f388ad052a51d55,401856700,,unmatched,2026-09-03T10:24:03.976750+00:00,production-model-a-2026-week1-freeze-v1,4,2026-09-26T04:00:00.000Z,Oklahoma,Georgia,Oklahoma,ALIGNED,-9.0,54.0,71.3,-9.0,54.0,False,,,,,,,,-10.0,52.5,DraftKings,,,,,,,,,,,,,,,,,,,,False
725b7ea027930f87be9e7620,401856702,,unmatched,2026-09-03T10:24:03.976750+00:00,production-model-a-2026-week1-freeze-v1,4,2026-09-26T04:00:00.000Z,Texas A&M,LSU,,ALIGNED,-3.0,53.0,57.4,-3.0,53.0,False,,,,,,,,-3.0,56.5,DraftKings,,,,,,,,,,,,,,,,,,,,False
f3100a327334ef0bfc1c4416,401856704,,unmatched,2026-09-03T10:24:03.976750+00:00,production-model-a-2026-week1-freeze-v1,4,2026-09-26T16:00:00.000Z,Texas,Tennessee,Tennessee,EDGE,1.0,54.5,47.5,1.0,54.5,False,,,,,,,,6.5,56.5,DraftKings,,,,,,,,,,,,,,,,,,,,False
5bd4bb1413f756a20ee4f958,401858249,,unmatched,2026-09-03T10:24:03.976750+00:00,production-model-a-2026-week1-freeze-v1,5,2026-10-03T04:00:00.000Z,Miami,Clemson,Clemson,SLIGHT EDGE,3.5,54.5,41.3,3.5,54.5,False,,,,,,,,7.0,55.5,DraftKings,,,,,,,,,,,,,,,,,,,,False
19c9054f85dd7bac402b30a9,401856712,,unmatched,2026-09-03T10:24:03.976750+00:00,production-model-a-2026-week1-freeze-v1,6,2026-10-10T04:00:00.000Z,Georgia,Alabama,Georgia,ALIGNED,3.5,54.5,41.3,3.5,54.5,False,,,,,,,,3.0,50.5,DraftKings,,,,,,,,,,,,,,,,,,,,False
d055fc533cc418e5f0af8fb5,401856717,,unmatched,2026-09-03T10:24:03.976750+00:00,production-model-a-2026-week1-freeze-v1,6,2026-10-10T19:30:00.000Z,Texas,Oklahoma,Oklahoma,SLIGHT EDGE,3.0,52.5,42.6,3.0,52.5,False,,,,,,,,6.0,48.5,DraftKings,,,,,,,,,,,,,,,,,,,,False
1c77696bbfa05ef9a9981152,401856719,,unmatched,2026-09-03T10:24:03.976750+00:00,production-model-a-2026-week1-freeze-v1,7,2026-10-17T04:00:00.000Z,Auburn,Georgia,Auburn,ALIGNED,-14.5,55.0,81.8,-14.5,55.0,False,,,,,,,,-16.5,54.5,DraftKings,,,,,,,,,,,,,,,,,,,,False
4ec80347cdfa2784b2af23cf,401858488,,unmatched,2026-09-03T10:24:03.976750+00:00,production-model-a-2026-week1-freeze-v1,7,2026-10-17T04:00:00.000Z,Ohio State,Indiana,Ohio State,SLIGHT EDGE,2.5,58.5,43.8,2.5,58.5,False,,,,,,,,-1.5,48.5,DraftKings,,,,,,,,,,,,,,,,,,,,False
3a29f841d19ee09d96708177,401858490,,unmatched,2026-09-03T10:24:03.976750+00:00,production-model-a-2026-week1-freeze-v1,7,2026-10-17T04:00:00.000Z,Penn State,Michigan,Penn State,SLIGHT EDGE,-3.5,54.5,58.7,-3.5,54.5,False,,,,,,,,-6.5,51.5,DraftKings,,,,,,,,,,,,,,,,,,,,False
f7804bdf7913cce349a607d8,401858492,,unmatched,2026-09-03T10:24:03.976750+00:00,production-model-a-2026-week1-freeze-v1,7,2026-10-17T04:00:00.000Z,Nebraska,Oregon,Nebraska,SLIGHT EDGE,-18.5,55.0,87.6,-18.5,55.0,False,,,,,,,,-21.5,51.5,DraftKings,,,,,,,,,,,,,,,,,,,,False
bd3a9ef8af02bb791e4d9376,401856723,,unmatched,2026-09-03T10:24:03.976750+00:00,production-model-a-2026-week1-freeze-v1,7,2026-10-17T04:00:00.000Z,Alabama,Tennessee,Tennessee,SLIGHT EDGE,-3.0,55.0,57.4,-3.0,55.0,False,,,,,,,,1.5,56.5,DraftKings,,,,,,,,,,,,,,,,,,,,False
4274c8a0fec1d6e2d2c96835,401856809,,unmatched,2026-09-03T10:24:03.976750+00:00,production-model-a-2026-week1-freeze-v1,7,2026-10-17T04:00:00.000Z,Notre Dame,BYU,BYU,SLIGHT EDGE,6.0,56.0,35.4,6.0,56.0,False,,,,,,,,10.0,54.5,DraftKings,,,,,,,,,,,,,,,,,,,,False
f77233cd42ef716026a31f64,401856830,,unmatched,2026-09-03T10:24:03.976750+00:00,production-model-a-2026-week1-freeze-v1,7,2026-10-17T04:00:00.000Z,Kansas,Kansas State,Kansas,ALIGNED,-7.0,53.5,66.9,-7.0,53.5,False,,,,,,,,-7.5,54.5,DraftKings,,,,,,,,,,,,,,,,,,,,False
a73363559bb4cf8728b4fa03,401856727,,unmatched,2026-09-03T10:24:03.976750+00:00,production-model-a-2026-week1-freeze-v1,8,2026-10-24T04:00:00.000Z,Texas A&M,Alabama,Texas A&M,ALIGNED,-0.5,54.0,51.2,-0.5,54.0,False,,,,,,,,-2.5,54.5,DraftKings,,,,,,,,,,,,,,,,,,,,False
ef38b9222a0bb7d6de5d3814,401856732,,unmatched,2026-09-03T10:24:03.976750+00:00,production-model-a-2026-week1-freeze-v1,8,2026-10-24T04:00:00.000Z,Ole Miss,Texas,Ole Miss,ALIGNED,-8.0,54.0,69.1,-8.0,54.0,False,,,,,,,,-8.5,54.5,DraftKings,,,,,,,,,,,,,,,,,,,,False
59533dab9e42df3da1ef266c,401856837,,unmatched,2026-09-03T10:24:03.976750+00:00,production-model-a-2026-week1-freeze-v1,8,2026-10-24T04:00:00.000Z,Houston,Utah,Houston,ALIGNED,-5.0,55.0,62.3,-5.0,55.0,False,,,,,,,,-6.5,50.5,DraftKings,,,,,,,,,,,,,,,,,,,,False
58b23442caf25ad9d91e3d02,401858496,,unmatched,2026-09-03T10:24:03.976750+00:00,production-model-a-2026-week1-freeze-v1,8,2026-10-24T04:00:00.000Z,Indiana,Michigan,Michigan,ALIGNED,3.5,56.0,41.3,3.5,56.0,False,,,,,,,,6.0,52.5,DraftKings,,,,,,,,,,,,,,,,,,,,False
ec6b3b21e4415e7aa3f842e3,401856734,,unmatched,2026-09-03T10:24:03.976750+00:00,production-model-a-2026-week1-freeze-v1,9,2026-10-31T19:30:00.000Z,Florida,Georgia,Florida,SLIGHT EDGE,-8.5,54.0,70.2,-8.5,54.0,False,,,,,,,,-12.5,53.5,DraftKings,,,,,,,,,,,,,,,,,,,,False
c2b26f26ca67b17237e8ac47,401856740,,unmatched,2026-09-03T10:24:03.976750+00:00,production-model-a-2026-week1-freeze-v1,10,2026-11-07T05:00:00.000Z,Alabama,LSU,LSU,ALIGNED,-5.5,52.5,63.4,-5.5,52.5,False,,,,,,,,-3.5,54.5,DraftKings,,,,,,,,,,,,,,,,,,,,False
20c503a2c4ef9b4dd21599fb,401856741,,unmatched,2026-09-03T10:24:03.976750+00:00,production-model-a-2026-week1-freeze-v1,10,2026-11-07T05:00:00.000Z,Georgia,Ole Miss,Georgia,ALIGNED,5.0,56.0,37.7,5.0,56.0,False,,,,,,,,4.5,55.5,DraftKings,,,,,,,,,,,,,,,,,,,,False
f19322f4e1884004f0bcfd80,401856849,,unmatched,2026-09-03T10:24:03.976750+00:00,production-model-a-2026-week1-freeze-v1,10,2026-11-07T05:00:00.000Z,BYU,Utah,BYU,SLIGHT EDGE,1.0,56.0,47.5,1.0,56.0,False,,,,,,,,-3.0,51.5,DraftKings,,,,,,,,,,,,,,,,,,,,False
65d3990116fbbd4c167c0610,401858511,,unmatched,2026-09-03T10:24:03.976750+00:00,production-model-a-2026-week1-freeze-v1,10,2026-11-07T05:00:00.000Z,Michigan State,Michigan,Michigan State,ALIGNED,-14.5,52.5,81.8,-14.5,52.5,False,,,,,,,,-16.5,50.5,DraftKings,,,,,,,,,,,,,,,,,,,,False
efcaba20c5a443a38a5c966f,401858514,,unmatched,2026-09-03T10:24:03.976750+00:00,production-model-a-2026-week1-freeze-v1,10,2026-11-07T05:00:00.000Z,Oregon,Ohio State,,ALIGNED,-6.0,57.5,64.6,-6.0,57.5,False,,,,,,,,-6.0,52.5,DraftKings,,,,,,,,,,,,,,,,,,,,False
b76ff57ef14809003a9b6e88,401858291,,unmatched,2026-09-03T10:24:03.976750+00:00,production-model-a-2026-week1-freeze-v1,10,2026-11-08T00:30:00.000Z,Miami,Notre Dame,,ALIGNED,-6.5,56.5,65.8,-6.5,56.5,False,,,,,,,,-6.5,54.5,DraftKings,,,,,,,,,,,,,,,,,,,,False
f30640e61a938f200fc0efda,401858523,,unmatched,2026-09-03T10:24:03.976750+00:00,production-model-a-2026-week1-freeze-v1,11,2026-11-14T05:00:00.000Z,Michigan,Oregon,Michigan,ALIGNED,-13.0,55.0,79.2,-13.0,55.0,False,,,,,,,,-13.5,53.5,DraftKings,,,,,,,,,,,,,,,,,,,,False
0ad4e3d3352e4ebd5f4bf0cd,401858296,,unmatched,2026-09-03T10:24:03.976750+00:00,production-model-a-2026-week1-freeze-v1,11,2026-11-14T05:00:00.000Z,Duke,Miami,Duke,EDGE,-15.0,54.5,82.6,-15.0,54.5,False,,,,,,,,-21.0,55.5,DraftKings,,,,,,,,,,,,,,,,,,,,False
4be03339de4842ab9875e2a8,401856888,,unmatched,2026-09-03T10:24:03.976750+00:00,production-model-a-2026-week1-freeze-v1,11,2026-11-14T05:00:00.000Z,Tennessee,Texas A&M,Tennessee,ALIGNED,-6.0,55.5,64.6,-6.0,55.5,False,,,,,,,,-8.5,55.5,DraftKings,,,,,,,,,,,,,,,,,,,,False
5952e84360404a6973cad41b,401856887,,unmatched,2026-09-03T10:24:03.976750+00:00,production-model-a-2026-week1-freeze-v1,11,2026-11-14T05:00:00.000Z,Ole Miss,Oklahoma,Oklahoma,ALIGNED,-4.5,54.0,61.1,-4.5,54.0,False,,,,,,,,-4.0,53.5,DraftKings,,,,,,,,,,,,,,,,,,,,False
1a3404fdd4ee5c9ff3d8c52e,401856885,,unmatched,2026-09-03T10:24:03.976750+00:00,production-model-a-2026-week1-freeze-v1,11,2026-11-14T05:00:00.000Z,Texas,LSU,LSU,SLIGHT EDGE,-1.5,52.0,53.7,-1.5,52.0,False,,,,,,,,2.5,54.5,DraftKings,,,,,,,,,,,,,,,,,,,,False
426131658172bd4e1da61017,401856863,,unmatched,2026-09-03T10:24:03.976750+00:00,production-model-a-2026-week1-freeze-v1,11,2026-11-14T05:00:00.000Z,Texas Tech,Oklahoma State,Oklahoma State,EDGE,9.0,52.0,28.7,9.0,52.0,False,,,,,,,,15.5,61.5,DraftKings,,,,,,,,,,,,,,,,,,,,False
73a5cc20dedf1d46b9250432,401856752,,unmatched,2026-09-03T10:24:03.976750+00:00,production-model-a-2026-week1-freeze-v1,12,2026-11-21T05:00:00.000Z,Texas A&M,Oklahoma,Texas A&M,ALIGNED,-1.5,53.5,53.7,-1.5,53.5,False,,,,,,,,-2.5,51.5,DraftKings,,,,,,,,,,,,,,,,,,,,False
dc513b5cbce8822efbda73d1,401856754,,unmatched,2026-09-03T10:24:03.976750+00:00,production-model-a-2026-week1-freeze-v1,12,2026-11-21T05:00:00.000Z,LSU,Tennessee,Tennessee,ALIGNED,-1.0,54.0,52.5,-1.0,54.0,False,,,,,,,,1.5,57.5,DraftKings,,,,,,,,,,,,,,,,,,,,False
e827862d33ec40c96c6986e4,401858302,,unmatched,2026-09-03T10:24:03.976750+00:00,production-model-a-2026-week1-freeze-v1,12,2026-11-21T05:00:00.000Z,Virginia Tech,Miami,Virginia Tech,SLIGHT EDGE,-12.5,53.0,78.3,-12.5,53.0,False,,,,,,,,-16.5,56.5,DraftKings,,,,,,,,,,,,,,,,,,,,False
2bc0a7ee9008fa55a90693ea,401858307,,unmatched,2026-09-03T10:24:03.976750+00:00,production-model-a-2026-week1-freeze-v1,12,2026-11-22T00:30:00.000Z,SMU,Notre Dame,SMU,SLIGHT EDGE,-14.0,56.0,80.9,-14.0,56.0,False,,,,,,,,-17.5,56.5,DraftKings,,,,,,,,,,,,,,,,,,,,False
94b203cf6566dc11267a8147,401856762,,unmatched,2026-09-03T10:24:03.976750+00:00,production-model-a-2026-week1-freeze-v1,13,2026-11-27T17:00:00.000Z,Mississippi State,Ole Miss,Mississippi State,SLIGHT EDGE,-11.5,53.5,76.4,-11.5,53.5,False,,,,,,,,-14.5,56.5,DraftKings,,,,,,,,,,,,,,,,,,,,False
a4a2030a0eacf899b8e0dd73,401856756,,unmatched,2026-09-03T10:24:03.976750+00:00,production-model-a-2026-week1-freeze-v1,13,2026-11-28T00:30:00.000Z,Texas,Texas A&M,Texas A&M,SLIGHT EDGE,-1.5,53.5,53.7,-1.5,53.5,False,,,,,,,,2.5,53.5,DraftKings,,,,,,,,,,,,,,,,,,,,False
757926f2d3bd2ae68c3b6075,401858541,,unmatched,2026-09-03T10:24:03.976750+00:00,production-model-a-2026-week1-freeze-v1,13,2026-11-28T05:00:00.000Z,Washington,Oregon,Washington,ALIGNED,-13.5,56.5,80.1,-13.5,56.5,False,,,,,,,,-15.5,54.5,DraftKings,,,,,,,,,,,,,,,,,,,,False
bae2d4bb7549da5712886436,401856757,,unmatched,2026-09-03T10:24:03.976750+00:00,production-model-a-2026-week1-freeze-v1,13,2026-11-28T05:00:00.000Z,Auburn,Alabama,Auburn,ALIGNED,-8.0,54.0,69.1,-8.0,54.0,False,,,,,,,,-10.0,52.5,DraftKings,,,,,,,,,,,,,,,,,,,,False
5039704fcc45cb57b736b69d,401856764,,unmatched,2026-09-03T10:24:03.976750+00:00,production-model-a-2026-week1-freeze-v1,13,2026-11-28T05:00:00.000Z,South Carolina,Clemson,Clemson,ALIGNED,-3.5,52.0,58.7,-3.5,52.0,False,,,,,,,,-3.0,53.5,DraftKings,,,,,,,,,,,,,,,,,,,,False
44296fb8493c8ee9d8a7b959,401856765,,unmatched,2026-09-03T10:24:03.976750+00:00,production-model-a-2026-week1-freeze-v1,13,2026-11-28T05:00:00.000Z,Tennessee,Vanderbilt,Tennessee,ALIGNED,4.0,57.0,40.1,4.0,57.0,False,,,,,,,,3.0,57.5,DraftKings,,,,,,,,,,,,,,,,,,,,False
4d876ff577bee57d635d0f98,401856873,,unmatched,2026-09-03T10:24:03.976750+00:00,production-model-a-2026-week1-freeze-v1,13,2026-11-28T05:00:00.000Z,Arizona State,Arizona,Arizona,ALIGNED,-5.5,53.0,63.4,-5.5,53.0,False,,,,,,,,-4.5,52.5,DraftKings,,,,,,,,,,,,,,,,,,,,False
d7baa96a56dc63d255cb0077,401858537,,unmatched,2026-09-03T10:24:03.976750+00:00,production-model-a-2026-week1-freeze-v1,13,2026-11-28T05:00:00.000Z,Illinois,Northwestern,Northwestern,ALIGNED,2.5,53.5,43.8,2.5,53.5,False,,,,,,,,3.5,52.5,DraftKings,,,,,,,,,,,,,,,,,,,,False
5d3fd0cfacf54267aeef15e5,401858540,,unmatched,2026-09-03T10:24:03.976750+00:00,production-model-a-2026-week1-freeze-v1,13,2026-11-28T17:00:00.000Z,Michigan,Ohio State,Ohio State,ALIGNED,-15.5,56.0,83.4,-15.5,56.0,False,,,,,,,,-13.5,46.5,DraftKings,,,,,,,,,,,,,,,,,,,,False
bb42064be18d0a950916c74b,401858204,,unmatched,2026-09-03T16:23:29.091224+00:00,production-model-a-2026-week1-freeze-v1,1,2026-09-03T23:00:00.000Z,Akron,Wake Forest,Akron,EDGE,-22.0,51.5,91.5,-22.0,51.0,True,94°F · 6 mph wind · Dry,Minimal,-0.5,0.0,LOCKED,,,-27.5,50.5,DraftKings,,,,,,,-27.5,0.0,,,,,,,,,,,,False
52c80c5d3409ec8a5fc18f7f,401856776,,unmatched,2026-09-03T16:23:29.091224+00:00,production-model-a-2026-week1-freeze-v1,1,2026-09-04T00:00:00.000Z,Colorado,Georgia Tech,Colorado,ALIGNED,-6.0,52.5,64.6,-6.0,52.0,True,91°F · 6 mph wind · gusts 14 · Dry,Minimal,-0.5,0.0,LOCKED,,,-6.5,51.5,DraftKings,,,,,,,-6.5,0.0,,,,,,,,,,,,False
767a5fdcd02ef759d38e692e,401858424,,unmatched,2026-09-03T16:23:29.091224+00:00,production-model-a-2026-week1-freeze-v1,1,2026-09-04T01:00:00.000Z,UAB,Illinois,UAB,SLIGHT EDGE,-23.5,52.5,92.9,-23.5,52.5,True,86°F · 5 mph wind · Dry,Minimal,0.0,0.0,LOCKED,,,-27.5,54.5,DraftKings,,,,,,,-25.5,2.0,,,,,,,,,,,,False
22cd83e37e8694d2faafbb8f,401864495,,unmatched,2026-09-03T16:23:29.091224+00:00,production-model-a-2026-week1-freeze-v1,1,2026-09-04T22:30:00.000Z,San Jose State,Eastern Michigan,Eastern Michigan,ALIGNED,-5.0,52.5,62.3,-5.0,52.5,True,79°F · 5 mph wind · gusts 14 · Dry,Minimal,0.0,0.0,LOCKED,,,-3.0,56.5,DraftKings,,,,,,,,,,,,,,,,,,,,False
0d5a76fdfbb5847d059572c8,401858429,,unmatched,2026-09-03T16:23:29.091224+00:00,production-model-a-2026-week1-freeze-v1,1,2026-09-05T00:00:00.000Z,Toledo,Michigan State,Michigan State,ALIGNED,-10.5,53.5,74.4,-10.5,53.5,True,Forecast unavailable,Minimal,0.0,0.0,LOCKED,,,-10.0,46.5,DraftKings,,,,,,,,,,,,,,,,,,,,False
1d61ed71a54e9ceee5a26ccb,401856664,,unmatched,2026-09-03T16:23:29.091224+00:00,production-model-a-2026-week1-freeze-v1,1,2026-09-05T00:00:00.000Z,UTEP,Oklahoma,UTEP,STRONG EDGE,-32.0,50.5,97.7,-32.0,49.5,True,91°F · 13 mph wind · gusts 19 · Dry,Moderate,-1.0,0.0,LOCKED,,,-40.5,51.5,DraftKings,,,,,,,,,,,,,,,,,,,,False
e4c97d02f0a418c0a6c76430,401858436,,unmatched,2026-09-03T16:23:29.091224+00:00,production-model-a-2026-week1-freeze-v1,1,2026-09-05T01:00:00.000Z,Fresno State,USC,Fresno State,STRONG EDGE,-14.0,54.5,80.9,-14.0,54.5,True,74°F · 8 mph wind · Dry,Minimal,0.0,0.0,LOCKED,,,-22.5,51.5,DraftKings,,,,,,,,,,,,,,,,,,,,False
540896a8ef1da61b8e51410b,401858206,,unmatched,2026-09-03T16:23:29.091224+00:00,production-model-a-2026-week1-freeze-v1,1,2026-09-05T01:00:00.000Z,Miami,Stanford,Stanford,STRONG EDGE,15.0,53.0,17.4,15.0,53.0,True,70°F · 10 mph wind · Dry,Minimal,0.0,0.0,LOCKED,,,24.5,48.5,DraftKings,,,,,,,,,,,,,,,,,,,,False
7bfd1b3778deddc6ea294d5f,401869960,,unmatched,2026-09-03T16:23:29.091224+00:00,production-model-a-2026-week1-freeze-v1,1,2026-09-05T16:00:00.000Z,Liberty,James Madison,Liberty,ALIGNED,-5.5,54.0,63.4,-5.5,54.0,True,84°F · 6 mph wind · Dry,Minimal,0.0,0.0,LOCKED,,,-6.0,50.5,DraftKings,,,,,,,,,,,,,,,,,,,,False
244e810f5233f4c0c4e145e9,401858430,,unmatched,2026-09-03T16:23:29.091224+00:00,production-model-a-2026-week1-freeze-v1,1,2026-09-05T16:00:00.000Z,Ohio,Nebraska,Ohio,SLIGHT EDGE,-19.0,53.5,88.2,-19.0,53.5,True,88°F · 4 mph wind · Dry,Minimal,0.0,0.0,LOCKED,,,-23.5,46.5,DraftKings,,,,,,,,,,,,,,,,,,,,False
2976c6dce2a2014fa7759bee,401856780,,unmatched,2026-09-03T16:23:29.091224+00:00,production-model-a-2026-week1-freeze-v1,1,2026-09-05T16:00:00.000Z,Coastal Carolina,West Virginia,Coastal Carolina,STRONG EDGE,-12.5,50.0,78.3,-12.5,50.0,True,72°F · 4 mph wind · Dry,Minimal,0.0,0.0,LOCKED,,,-21.0,56.5,DraftKings,,,,,,,,,,,,,,,,,,,,False
9e85054e58a64a9b8d76c06c,401858425,,unmatched,2026-09-03T16:23:29.091224+00:00,production-model-a-2026-week1-freeze-v1,1,2026-09-05T16:00:00.000Z,North Texas,Indiana,North Texas,STRONG EDGE,-31.5,57.5,97.6,-31.5,57.5,True,Forecast unavailable,Minimal,0.0,0.0,LOCKED,,,-40.5,56.5,DraftKings,,,,,,,,,,,,,,,,,,,,False
1ef1b5dfbba622f1b01d0e1b,401856778,,unmatched,2026-09-03T16:23:29.091224+00:00,production-model-a-2026-week1-freeze-v1,1,2026-09-05T16:00:00.000Z,Oregon State,Houston,Oregon State,STRONG EDGE,-12.0,52.0,77.3,-12.0,52.0,True,85°F · 2 mph wind · Dry,Minimal,0.0,0.0,LOCKED,,,-20.5,49.5,DraftKings,,,,,,,,,,,,,,,,,,,,False
d102a723e1616792f3ee3399,401856634,,unmatched,2026-09-03T16:23:29.091224+00:00,production-model-a-2026-week1-freeze-v1,1,2026-09-05T16:00:00.000Z,East Carolina,Alabama,East Carolina,STRONG EDGE,-18.5,54.5,87.6,-18.5,54.0,True,95°F · 4 mph wind · Dry,Minimal,-0.5,0.0,LOCKED,,,-28.5,52.5,DraftKings,,,,,,,,,,,,,,,,,,,,False
2e2566f21061000caeaedcd0,401858207,,unmatched,2026-09-03T16:23:29.091224+00:00,production-model-a-2026-week1-freeze-v1,1,2026-09-05T16:30:00.000Z,Miami (OH),Pittsburgh,Miami (OH),EDGE,-10.0,52.5,73.4,-10.0,52.5,True,74°F · 4 mph wind · Dry,Minimal,0.0,0.0,LOCKED,,,-16.5,47.5,DraftKings,,,,,,,,,,,,,,,,,,,,False
c34cb731d79a575f0b23816a,401858432,,unmatched,2026-09-03T16:23:29.091224+00:00,production-model-a-2026-week1-freeze-v1,1,2026-09-05T16:30:00.000Z,Ball State,Ohio State,Ball State,ALIGNED,-48.0,53.0,99.0,-48.0,52.5,True,70°F · 3 mph wind · Light rain,Moderate,-0.5,0.0,LOCKED,,,-50.5,55.5,DraftKings,,,,,,,,,,,,,,,,,,,,False
0fd950c7737b9a93da114d8e,401856665,,unmatched,2026-09-03T16:23:29.091224+00:00,production-model-a-2026-week1-freeze-v1,1,2026-09-05T16:45:00.000Z,Kent State,South Carolina,Kent State,EDGE,-29.5,50.5,96.7,-29.5,50.0,True,98°F · 5 mph wind · Dry,Minimal,-0.5,0.0,LOCKED,,,-35.5,54.5,DraftKings,,,,,,,,,,,,,,,,,,,,False
20da0a982ca6094cd8a69c5f,401858433,,unmatched,2026-09-03T16:23:29.091224+00:00,production-model-a-2026-week1-freeze-v1,1,2026-09-05T19:30:00.000Z,Boise State,Oregon,Boise State,ALIGNED,-22.0,55.0,91.5,-22.0,55.0,True,70°F · 3 mph wind · Dry,Minimal,0.0,0.0,LOCKED,,,-24.5,51.5,DraftKings,,,,,,,,,,,,,,,,,,,,False
bef9c048235982b0858d7296,401856777,,unmatched,2026-09-03T16:23:29.091224+00:00,production-model-a-2026-week1-freeze-v1,1,2026-09-05T19:30:00.000Z,Boston College,Cincinnati,Boston College,ALIGNED,-6.0,53.0,64.6,-6.0,53.0,True,Forecast unavailable,Minimal,0.0,0.0,LOCKED,,,-7.5,50.5,DraftKings,,,,,,,,,,,,,,,,,,,,False
e63e6a58748972bff0269e10,401856636,,unmatched,2026-09-03T16:23:29.091224+00:00,production-model-a-2026-week1-freeze-v1,1,2026-09-05T19:30:00.000Z,Baylor,Auburn,Baylor,ALIGNED,-6.0,53.5,64.6,-6.0,53.0,True,103°F · 2 mph wind · Dry,Minimal,-0.5,0.0,LOCKED,,,-7.5,58.5,DraftKings,,,,,,,,,,,,,,,,,,,,False
6ea76d22b1fe4d0c8e9ab095,401858434,,unmatched,2026-09-03T16:23:29.091224+00:00,production-model-a-2026-week1-freeze-v1,1,2026-09-05T19:30:00.000Z,Marshall,Penn State,Marshall,ALIGNED,-22.0,54.0,91.5,-22.0,54.0,True,75°F · 8 mph wind · gusts 13 · Dry,Minimal,0.0,0.0,LOCKED,,,-23.5,52.5,DraftKings,,,,,,,,,,,,,,,,,,,,False
ae61fad10d0ef8ab148c62a3,401856667,,unmatched,2026-09-03T16:23:29.091224+00:00,production-model-a-2026-week1-freeze-v1,1,2026-09-05T19:30:00.000Z,Texas State,Texas,Texas State,STRONG EDGE,-22.0,54.0,91.5,-22.0,54.0,True,89°F · 4 mph wind · Dry,Minimal,0.0,0.0,LOCKED,,,-29.5,59.5,DraftKings,,,,,,,,,,,,,,,,,,,,False
64a641ddf5f04e63afcf14d1,401858209,,unmatched,2026-09-03T16:23:29.091224+00:00,production-model-a-2026-week1-freeze-v1,1,2026-09-05T19:30:00.000Z,Tulane,Duke,Duke,ALIGNED,-10.0,54.0,73.4,-10.0,53.0,True,102°F · 4 mph wind · Light rain,Moderate,-1.0,0.0,LOCKED,,,-7.5,51.5,DraftKings,,,,,,,,,,,,,,,,,,,,False
8bf1c9a05358ff0d0ce07bba,401856772,,unmatched,2026-09-03T16:23:29.091224+00:00,production-model-a-2026-week1-freeze-v1,1,2026-09-05T19:45:00.000Z,Oklahoma State,Tulsa,Tulsa,SLIGHT EDGE,8.5,49.5,29.8,8.5,49.0,True,104°F · 2 mph wind · gusts 7 · Dry,Minimal,-0.5,0.0,LOCKED,,,13.5,59.5,DraftKings,,,,,,,,,,,,,,,,,,,,False
edbb3c727540dd37bc855c2a,401858426,,unmatched,2026-09-03T16:23:29.091224+00:00,production-model-a-2026-week1-freeze-v1,1,2026-09-05T20:15:00.000Z,Northern Illinois,Iowa,Northern Illinois,SLIGHT EDGE,-27.0,51.5,95.4,-27.0,51.0,True,92°F · 9 mph wind · Dry,Minimal,-0.5,0.0,LOCKED,,,-31.5,44.5,DraftKings,,,,,,,,,,,,,,,,,,,,False
487acf23fe2fcb358ae0ee38,401860878,,unmatched,2026-09-03T16:23:29.091224+00:00,production-model-a-2026-week1-freeze-v1,1,2026-09-05T22:00:00.000Z,Wyoming,Colorado State,Wyoming,ALIGNED,-1.5,51.0,53.7,-1.5,51.0,True,Forecast unavailable,Minimal,0.0,0.0,LOCKED,,,-3.0,46.5,DraftKings,,,,,,,,,,,,,,,,,,,,False
38a00993ecc27f64768f519a,401862699,,unmatched,2026-09-03T16:23:29.091224+00:00,production-model-a-2026-week1-freeze-v1,1,2026-09-05T23:00:00.000Z,Florida International,South Florida,Florida International,SLIGHT EDGE,-11.5,54.0,76.4,-11.5,53.5,True,89°F · 8 mph wind · Light rain,Moderate,-0.5,0.0,LOCKED,,,-14.5,51.5,DraftKings,,,,,,,,,,,,,,,,,,,,False
9231379f6e38798ddcc6fed6,401856668,,unmatched,2026-09-03T16:23:29.091224+00:00,production-model-a-2026-week1-freeze-v1,1,2026-09-05T23:00:00.000Z,Missouri State,Texas A&M,Missouri State,EDGE,-34.0,53.0,98.3,-34.0,52.5,True,92°F · 4 mph wind · Dry,Minimal,-0.5,0.0,LOCKED,,,-40.5,53.5,DraftKings,,,,,,,,,,,,,,,,,,,,False
4cfaa3f7bef26163bb54c7a3,401862695,,unmatched,2026-09-03T16:23:29.091224+00:00,production-model-a-2026-week1-freeze-v1,1,2026-09-05T23:00:00.000Z,Arkansas State,Memphis,Memphis,ALIGNED,-13.0,52.5,79.2,-13.0,52.0,True,94°F · 6 mph wind · gusts 12 · Dry,Minimal,-0.5,0.0,LOCKED,,,-11.5,52.5,DraftKings,,,,,,,,,,,,,,,,,,,,False
e9af746d8110833ab36358f1,401858428,,unmatched,2026-09-03T16:23:29.091224+00:00,production-model-a-2026-week1-freeze-v1,1,2026-09-05T23:30:00.000Z,Western Michigan,Michigan,Western Michigan,EDGE,-20.5,53.5,90.0,-20.5,53.5,True,74°F · 6 mph wind · Dry,Minimal,0.0,0.0,LOCKED,,,-27.5,49.5,DraftKings,,,,,,,,,,,,,,,,,,,,False
e3b39c605f1c69425d79cb76,401856660,,unmatched,2026-09-03T16:23:29.091224+00:00,production-model-a-2026-week1-freeze-v1,1,2026-09-05T23:30:00.000Z,Clemson,LSU,Clemson,ALIGNED,-9.0,52.5,71.3,-9.0,52.0,True,86°F · 4 mph wind · gusts 10 · Light rain,Moderate,-0.5,0.0,LOCKED,,,-10.0,50.5,DraftKings,,,,,,,,,,,,,,,,,,,,False
18fc7e741f39ea1bc9485cc6,401856662,,unmatched,2026-09-03T16:23:29.091224+00:00,production-model-a-2026-week1-freeze-v1,1,2026-09-05T23:30:00.000Z,UL Monroe,Mississippi State,,ALIGNED,-28.5,50.5,96.3,-28.5,48.5,True,74°F · 15 mph wind · gusts 27 · Heavy rain,Moderate,-2.0,0.0,LOCKED,,,-28.5,54.5,DraftKings,,,,,,,,,,,,,,,,,,,,False
94ed1cbc5aee4ad573d92432,401856637,,unmatched,2026-09-03T16:23:29.091224+00:00,production-model-a-2026-week1-freeze-v1,1,2026-09-05T23:45:00.000Z,Florida Atlantic,Florida,Florida Atlantic,EDGE,-19.5,52.0,88.9,-19.5,52.0,True,Forecast unavailable,Minimal,0.0,0.0,LOCKED,,,-26.5,59.5,DraftKings,,,,,,,,,,,,,,,,,,,,False
b3f07d866fbeadc7c1cd08e8,401864497,,unmatched,2026-09-03T16:23:29.091224+00:00,production-model-a-2026-week1-freeze-v1,1,2026-09-06T02:00:00.000Z,UNLV,Hawai'i,Hawai'i,SLIGHT EDGE,0.0,52.0,50.0,0.0,51.0,True,82°F · 12 mph wind · gusts 30 · Light rain,Moderate,-1.0,0.0,LOCKED,,,3.0,56.5,DraftKings,,,,,,,,,,,,,,,,,,,,False
b54de421c220e070b7505c8d,401864498,,unmatched,2026-09-03T16:23:29.091224+00:00,production-model-a-2026-week1-freeze-v1,1,2026-09-06T02:00:00.000Z,Central Michigan,New Mexico,New Mexico,SLIGHT EDGE,-13.5,52.5,80.1,-13.5,52.0,True,87°F · 12 mph wind · Dry,Moderate,-0.5,0.0,LOCKED,,,-10.5,46.5,DraftKings,,,,,,,,,,,,,,,,,,,,False
0584992306706a817984f8b2,401864432,,unmatched,2026-09-03T16:23:29.091224+00:00,production-model-a-2026-week1-freeze-v1,1,2026-09-06T02:30:00.000Z,Western Kentucky,Nevada,,ALIGNED,1.5,51.0,46.3,1.5,51.0,True,73°F · 9 mph wind · Dry,Minimal,0.0,0.0,LOCKED,,,1.5,52.5,DraftKings,,,,,,,,,,,,,,,,,,,,False
91c30ae06f1ae5091b34d51a,401858210,,unmatched,2026-09-03T16:23:29.091224+00:00,production-model-a-2026-week1-freeze-v1,1,2026-09-06T02:30:00.000Z,UCLA,California,California,ALIGNED,-0.5,51.5,51.2,-0.5,51.5,True,67°F · 5 mph wind · gusts 11 · Dry,Minimal,0.0,0.0,LOCKED,,,1.5,53.5,DraftKings,,,,,,,,,,,,,,,,,,,,False
7534152fa701e5e2761f29e4,401858437,,unmatched,2026-09-03T16:23:29.091224+00:00,production-model-a-2026-week1-freeze-v1,1,2026-09-06T20:00:00.000Z,Washington State,Washington,Washington State,SLIGHT EDGE,-18.5,55.0,87.6,-18.5,55.0,True,67°F · 7 mph wind · Dry,Minimal,0.0,0.0,LOCKED,,,-23.5,51.5,DraftKings,,,,,,,,,,,,,,,,,,,,False
12333b0d97aaec64a356d009,401858438,,unmatched,2026-09-03T16:23:29.091224+00:00,production-model-a-2026-week1-freeze-v1,1,2026-09-06T23:30:00.000Z,Wisconsin,Notre Dame,Wisconsin,SLIGHT EDGE,-17.5,53.0,86.3,-17.5,53.0,True,70°F · 5 mph wind · Dry,Minimal,0.0,0.0,LOCKED,,,-20.5,46.5,DraftKings,,,,,,,,,,,,,,,,,,,,False
27481d8a3b35846fab36510f,401856661,,unmatched,2026-09-03T16:23:29.091224+00:00,production-model-a-2026-week1-freeze-v1,1,2026-09-06T23:30:00.000Z,Louisville,Ole Miss,Louisville,ALIGNED,-4.0,55.0,59.9,-4.0,55.0,True,Forecast unavailable,Minimal,0.0,0.0,LOCKED,,,-6.5,55.5,DraftKings,,,,,,,,,,,,,,,,,,,,False
0cb709915c56f5e1cedeb4d2,401858212,,unmatched,2026-09-03T16:23:29.091224+00:00,production-model-a-2026-week1-freeze-v1,1,2026-09-07T23:30:00.000Z,SMU,Florida State,Florida State,SLIGHT EDGE,-0.5,54.5,51.2,-0.5,54.0,True,80°F · 4 mph wind · Light rain,Moderate,-0.5,0.0,LOCKED,,,3.0,53.5,DraftKings,,,,,,,,,,,,,,,,,,,,False
889a6b43afb196bd128a5595,401856678,,unmatched,2026-09-03T16:23:29.091224+00:00,production-model-a-2026-week1-freeze-v1,2,2026-09-12T00:00:00.000Z,Missouri,Kansas,Missouri,ALIGNED,7.0,54.5,33.1,7.0,54.5,False,,,,,,,,6.5,53.5,DraftKings,,,,,,,,,,,,,,,,,,,,False
94d3f042e8951797919ed164,401856683,,unmatched,2026-09-03T16:23:29.091224+00:00,production-model-a-2026-week1-freeze-v1,2,2026-09-12T16:00:00.000Z,Arizona State,Texas A&M,Texas A&M,ALIGNED,-15.5,53.5,83.4,-15.5,53.5,False,,,,,,,,-14.5,51.5,DraftKings,,,,,,,,,,,,,,,,,,,,False
b9c6b0f7d2eebf849fb5c7db,401858221,,unmatched,2026-09-03T16:23:29.091224+00:00,production-model-a-2026-week1-freeze-v1,2,2026-09-12T16:00:00.000Z,Old Dominion,Virginia Tech,Virginia Tech,ALIGNED,-14.5,53.5,81.8,-14.5,53.5,False,,,,,,,,-14.0,,DraftKings,,,,,,,,,,,,,,,,,,,,False
9438e98c2d4ef2d782bb08db,401856679,,unmatched,2026-09-03T16:23:29.091224+00:00,production-model-a-2026-week1-freeze-v1,2,2026-09-12T16:00:00.000Z,Oklahoma,Michigan,Michigan,SLIGHT EDGE,-1.5,53.0,53.7,-1.5,53.0,False,,,,,,,,1.5,46.5,DraftKings,,,,,,,,,,,,,,,,,,,,False
dc3aa5745188cff3024d2e85,401856782,,unmatched,2026-09-03T16:23:29.091224+00:00,production-model-a-2026-week1-freeze-v1,2,2026-09-12T16:00:00.000Z,Oregon,Oklahoma State,Oklahoma State,SLIGHT EDGE,14.5,52.0,18.2,14.5,52.0,False,,,,,,,,18.5,60.5,DraftKings,,,,,,,,,,,,,,,,,,,,False
7036cfaf183601e02347d13c,401858217,,unmatched,2026-09-03T16:23:29.091224+00:00,production-model-a-2026-week1-freeze-v1,2,2026-09-12T19:30:00.000Z,Duke,Illinois,Duke,ALIGNED,-6.0,54.0,64.6,-6.0,54.0,False,,,,,,,,-8.5,,DraftKings,,,,,,,,,,,,,,,,,,,,False
3dd3e4e7c63338b3547d093c,401856810,,unmatched,2026-09-03T16:23:29.091224+00:00,production-model-a-2026-week1-freeze-v1,2,2026-09-12T19:30:00.000Z,Arizona,BYU,BYU,ALIGNED,-7.0,54.0,66.9,-7.0,54.0,False,,,,,,,,-6.5,,DraftKings,,,,,,,,,,,,,,,,,,,,False
e2ecd3ffdee7479e16fc59f7,401860884,,unmatched,2026-09-03T16:23:29.091224+00:00,production-model-a-2026-week1-freeze-v1,2,2026-09-12T19:30:00.000Z,UTSA,Texas State,UTSA,ALIGNED,-1.0,54.5,52.5,-1.0,54.5,False,,,,,,,,-1.5,,DraftKings,,,,,,,,,,,,,,,,,,,,False
b57b11fd44e0980b61618b3b,401856677,,unmatched,2026-09-03T16:23:29.091224+00:00,production-model-a-2026-week1-freeze-v1,2,2026-09-12T19:30:00.000Z,Mississippi State,Minnesota,Minnesota,ALIGNED,-3.5,51.0,58.7,-3.5,51.0,False,,,,,,,,-2.5,,DraftKings,,,,,,,,,,,,,,,,,,,,False
a77f6fc326a18a34c372cd24,401856674,,unmatched,2026-09-03T16:23:29.091224+00:00,production-model-a-2026-week1-freeze-v1,2,2026-09-12T19:30:00.000Z,Alabama,Kentucky,Kentucky,SLIGHT EDGE,7.0,52.5,33.1,7.0,52.5,False,,,,,,,,10.5,,DraftKings,,,,,,,,,,,,,,,,,,,,False
97701e659e78cb8722c7009d,401860881,,unmatched,2026-09-03T16:23:29.091224+00:00,production-model-a-2026-week1-freeze-v1,2,2026-09-12T22:00:00.000Z,Memphis,Boise State,Memphis,ALIGNED,-4.5,53.5,61.1,-4.5,53.5,False,,,,,,,,-6.5,,DraftKings,,,,,,,,,,,,,,,,,,,,False
e424ad90aeac234cf48a5f97,401856681,,unmatched,2026-09-03T16:23:29.091224+00:00,production-model-a-2026-week1-freeze-v1,2,2026-09-12T23:00:00.000Z,Tennessee,Georgia Tech,Georgia Tech,ALIGNED,7.0,56.0,33.1,7.0,56.0,False,,,,,,,,8.5,,DraftKings,,,,,,,,,,,,,,,,,,,,False
7c470c957c696c4a91229e76,401858443,,unmatched,2026-09-03T16:23:29.091224+00:00,production-model-a-2026-week1-freeze-v1,2,2026-09-12T23:15:00.000Z,San Diego State,UCLA,San Diego State,SLIGHT EDGE,-5.0,52.5,62.3,-5.0,52.5,False,,,,,,,,-8.5,,DraftKings,,,,,,,,,,,,,,,,,,,,False
74619c908b46b5c33cf4480c,401856682,,unmatched,2026-09-03T16:23:29.091224+00:00,production-model-a-2026-week1-freeze-v1,2,2026-09-12T23:30:00.000Z,Ohio State,Texas,Ohio State,EDGE,4.5,55.5,38.9,4.5,55.5,False,,,,,,,,-1.5,47.5,DraftKings,,,,,,,,,,,,,,,,,,,,False
2a35eda69f1163827692080c,401856788,,unmatched,2026-09-03T16:23:29.091224+00:00,production-model-a-2026-week1-freeze-v1,2,2026-09-12T23:30:00.000Z,Iowa State,Iowa,Iowa,ALIGNED,-14.5,54.0,81.8,-14.5,54.0,False,,,,,,,,-12.5,41.5,DraftKings,,,,,,,,,,,,,,,,,,,,False
2fe73a00c02a50ea72344d3a,401856670,,unmatched,2026-09-03T16:23:29.091224+00:00,production-model-a-2026-week1-freeze-v1,2,2026-09-13T02:15:00.000Z,Arkansas,Utah,Arkansas,SLIGHT EDGE,-6.0,56.0,64.6,-6.0,56.0,False,,,,,,,,-9.5,54.5,DraftKings,,,,,,,,,,,,,,,,,,,,False
ae4979981621d31d77e91143,401856811,,unmatched,2026-09-03T16:23:29.091224+00:00,production-model-a-2026-week1-freeze-v1,3,2026-09-19T00:00:00.000Z,Houston,Texas Tech,,ALIGNED,-13.5,54.0,80.1,-13.5,54.0,False,,,,,,,,-13.5,54.5,DraftKings,,,,,,,,,,,,,,,,,,,,False
74f99b95182c3e7efeff848c,401856686,,unmatched,2026-09-03T16:23:29.091224+00:00,production-model-a-2026-week1-freeze-v1,3,2026-09-19T16:00:00.000Z,Georgia,Arkansas,Arkansas,SLIGHT EDGE,13.5,55.0,19.9,13.5,55.0,False,,,,,,,,16.5,55.5,FanDuel,,,,,,,,,,,,,,,,,,,,False
f50f95fc479bd3172d3601b7,401858230,,unmatched,2026-09-03T16:23:29.091224+00:00,production-model-a-2026-week1-freeze-v1,3,2026-09-19T19:30:00.000Z,SMU,Louisville,,ALIGNED,-1.5,54.5,53.7,-1.5,54.5,False,,,,,,,,-1.5,56.5,DraftKings,,,,,,,,,,,,,,,,,,,,False
fe8f0472e6e29ff3460e45fe,401856687,,unmatched,2026-09-03T16:23:29.091224+00:00,production-model-a-2026-week1-freeze-v1,3,2026-09-19T23:00:00.000Z,Florida,Auburn,Auburn,ALIGNED,0.0,53.0,50.0,0.0,53.0,False,,,,,,,,1.5,53.5,DraftKings,,,,,,,,,,,,,,,,,,,,False
715e1e07418a59acaf38f38b,401856688,,unmatched,2026-09-03T16:23:29.091224+00:00,production-model-a-2026-week1-freeze-v1,3,2026-09-19T23:30:00.000Z,LSU,Ole Miss,LSU,ALIGNED,0.5,53.5,48.8,0.5,53.5,False,,,,,,,,-1.5,57.5,DraftKings,,,,,,,,,,,,,,,,,,,,False
a796490a67b95aab15986ba1,401856700,,unmatched,2026-09-03T16:23:29.091224+00:00,production-model-a-2026-week1-freeze-v1,4,2026-09-26T04:00:00.000Z,Oklahoma,Georgia,Oklahoma,ALIGNED,-9.0,54.0,71.3,-9.0,54.0,False,,,,,,,,-10.0,52.5,DraftKings,,,,,,,,,,,,,,,,,,,,False
3a2e67155b8d9aa8d13f00b9,401856702,,unmatched,2026-09-03T16:23:29.091224+00:00,production-model-a-2026-week1-freeze-v1,4,2026-09-26T04:00:00.000Z,Texas A&M,LSU,,ALIGNED,-3.0,53.0,57.4,-3.0,53.0,False,,,,,,,,-3.0,56.5,DraftKings,,,,,,,,,,,,,,,,,,,,False
61a22091356b852d1ea5ffed,401856704,,unmatched,2026-09-03T16:23:29.091224+00:00,production-model-a-2026-week1-freeze-v1,4,2026-09-26T16:00:00.000Z,Texas,Tennessee,Tennessee,EDGE,1.0,54.5,47.5,1.0,54.5,False,,,,,,,,6.5,56.5,DraftKings,,,,,,,,,,,,,,,,,,,,False
dcee76b68daed840c6edf671,401858249,,unmatched,2026-09-03T16:23:29.091224+00:00,production-model-a-2026-week1-freeze-v1,5,2026-10-03T04:00:00.000Z,Miami,Clemson,Clemson,SLIGHT EDGE,3.5,54.5,41.3,3.5,54.5,False,,,,,,,,7.0,55.5,DraftKings,,,,,,,,,,,,,,,,,,,,False
dd6ec83b93caba26cb3ec49b,401856712,,unmatched,2026-09-03T16:23:29.091224+00:00,production-model-a-2026-week1-freeze-v1,6,2026-10-10T04:00:00.000Z,Georgia,Alabama,Georgia,ALIGNED,3.5,54.5,41.3,3.5,54.5,False,,,,,,,,3.0,50.5,DraftKings,,,,,,,,,,,,,,,,,,,,False
e71483f5c78499e15d3e3161,401856717,,unmatched,2026-09-03T16:23:29.091224+00:00,production-model-a-2026-week1-freeze-v1,6,2026-10-10T19:30:00.000Z,Texas,Oklahoma,Oklahoma,SLIGHT EDGE,3.0,52.5,42.6,3.0,52.5,False,,,,,,,,6.0,48.5,DraftKings,,,,,,,,,,,,,,,,,,,,False
4c1ef534cc14ff16df91b51a,401856719,,unmatched,2026-09-03T16:23:29.091224+00:00,production-model-a-2026-week1-freeze-v1,7,2026-10-17T04:00:00.000Z,Auburn,Georgia,Auburn,ALIGNED,-14.5,55.0,81.8,-14.5,55.0,False,,,,,,,,-16.5,54.5,DraftKings,,,,,,,,,,,,,,,,,,,,False
44c7af48e185a2e78aaae401,401858488,,unmatched,2026-09-03T16:23:29.091224+00:00,production-model-a-2026-week1-freeze-v1,7,2026-10-17T04:00:00.000Z,Ohio State,Indiana,Ohio State,SLIGHT EDGE,2.5,58.5,43.8,2.5,58.5,False,,,,,,,,-1.5,48.5,DraftKings,,,,,,,,,,,,,,,,,,,,False
516f1868a16f3b4d0f5955fa,401858490,,unmatched,2026-09-03T16:23:29.091224+00:00,production-model-a-2026-week1-freeze-v1,7,2026-10-17T04:00:00.000Z,Penn State,Michigan,Penn State,SLIGHT EDGE,-3.5,54.5,58.7,-3.5,54.5,False,,,,,,,,-6.5,51.5,DraftKings,,,,,,,,,,,,,,,,,,,,False
30fcb3083e0b439316409471,401858492,,unmatched,2026-09-03T16:23:29.091224+00:00,production-model-a-2026-week1-freeze-v1,7,2026-10-17T04:00:00.000Z,Nebraska,Oregon,Nebraska,SLIGHT EDGE,-18.5,55.0,87.6,-18.5,55.0,False,,,,,,,,-21.5,51.5,DraftKings,,,,,,,,,,,,,,,,,,,,False
d1f573aab9266e1388ced361,401856723,,unmatched,2026-09-03T16:23:29.091224+00:00,production-model-a-2026-week1-freeze-v1,7,2026-10-17T04:00:00.000Z,Alabama,Tennessee,Tennessee,SLIGHT EDGE,-3.0,55.0,57.4,-3.0,55.0,False,,,,,,,,1.5,56.5,DraftKings,,,,,,,,,,,,,,,,,,,,False
714ba76bf3e1626d28cc97d5,401856809,,unmatched,2026-09-03T16:23:29.091224+00:00,production-model-a-2026-week1-freeze-v1,7,2026-10-17T04:00:00.000Z,Notre Dame,BYU,BYU,SLIGHT EDGE,6.0,56.0,35.4,6.0,56.0,False,,,,,,,,10.0,54.5,DraftKings,,,,,,,,,,,,,,,,,,,,False
28fa45a0c37fd310cf64199e,401856830,,unmatched,2026-09-03T16:23:29.091224+00:00,production-model-a-2026-week1-freeze-v1,7,2026-10-17T04:00:00.000Z,Kansas,Kansas State,Kansas,ALIGNED,-7.0,53.5,66.9,-7.0,53.5,False,,,,,,,,-7.5,54.5,DraftKings,,,,,,,,,,,,,,,,,,,,False
a56418f56776c0bd2897f90d,401856727,,unmatched,2026-09-03T16:23:29.091224+00:00,production-model-a-2026-week1-freeze-v1,8,2026-10-24T04:00:00.000Z,Texas A&M,Alabama,Texas A&M,ALIGNED,-0.5,54.0,51.2,-0.5,54.0,False,,,,,,,,-2.5,54.5,DraftKings,,,,,,,,,,,,,,,,,,,,False
f47f1b63d32f2254de464c97,401856732,,unmatched,2026-09-03T16:23:29.091224+00:00,production-model-a-2026-week1-freeze-v1,8,2026-10-24T04:00:00.000Z,Ole Miss,Texas,Ole Miss,ALIGNED,-8.0,54.0,69.1,-8.0,54.0,False,,,,,,,,-8.5,54.5,DraftKings,,,,,,,,,,,,,,,,,,,,False
3d0d7aabec6ab49b6c908622,401856837,,unmatched,2026-09-03T16:23:29.091224+00:00,production-model-a-2026-week1-freeze-v1,8,2026-10-24T04:00:00.000Z,Houston,Utah,Houston,ALIGNED,-5.0,55.0,62.3,-5.0,55.0,False,,,,,,,,-6.5,50.5,DraftKings,,,,,,,,,,,,,,,,,,,,False
2c0d4299d75ce53b6b45e49f,401858496,,unmatched,2026-09-03T16:23:29.091224+00:00,production-model-a-2026-week1-freeze-v1,8,2026-10-24T04:00:00.000Z,Indiana,Michigan,Michigan,ALIGNED,3.5,56.0,41.3,3.5,56.0,False,,,,,,,,6.0,52.5,DraftKings,,,,,,,,,,,,,,,,,,,,False
fc21883fedd2861a4f8f27f0,401856734,,unmatched,2026-09-03T16:23:29.091224+00:00,production-model-a-2026-week1-freeze-v1,9,2026-10-31T19:30:00.000Z,Florida,Georgia,Florida,SLIGHT EDGE,-8.5,54.0,70.2,-8.5,54.0,False,,,,,,,,-12.5,53.5,DraftKings,,,,,,,,,,,,,,,,,,,,False
5b8231f4599e9af1e962115f,401856740,,unmatched,2026-09-03T16:23:29.091224+00:00,production-model-a-2026-week1-freeze-v1,10,2026-11-07T05:00:00.000Z,Alabama,LSU,LSU,ALIGNED,-5.5,52.5,63.4,-5.5,52.5,False,,,,,,,,-3.5,54.5,DraftKings,,,,,,,,,,,,,,,,,,,,False
ad3675bd7cacbc2ac8f5d1ff,401856741,,unmatched,2026-09-03T16:23:29.091224+00:00,production-model-a-2026-week1-freeze-v1,10,2026-11-07T05:00:00.000Z,Georgia,Ole Miss,Georgia,ALIGNED,5.0,56.0,37.7,5.0,56.0,False,,,,,,,,4.5,55.5,DraftKings,,,,,,,,,,,,,,,,,,,,False
119d4a2e0d34ab5fa55769fd,401856849,,unmatched,2026-09-03T16:23:29.091224+00:00,production-model-a-2026-week1-freeze-v1,10,2026-11-07T05:00:00.000Z,BYU,Utah,BYU,SLIGHT EDGE,1.0,56.0,47.5,1.0,56.0,False,,,,,,,,-3.0,51.5,DraftKings,,,,,,,,,,,,,,,,,,,,False
a4986f2c4703a2dddf24f385,401858511,,unmatched,2026-09-03T16:23:29.091224+00:00,production-model-a-2026-week1-freeze-v1,10,2026-11-07T05:00:00.000Z,Michigan State,Michigan,Michigan State,ALIGNED,-14.5,52.5,81.8,-14.5,52.5,False,,,,,,,,-16.5,50.5,DraftKings,,,,,,,,,,,,,,,,,,,,False
bbdd22ea208da82572d581ec,401858514,,unmatched,2026-09-03T16:23:29.091224+00:00,production-model-a-2026-week1-freeze-v1,10,2026-11-07T05:00:00.000Z,Oregon,Ohio State,,ALIGNED,-6.0,57.5,64.6,-6.0,57.5,False,,,,,,,,-6.0,52.5,DraftKings,,,,,,,,,,,,,,,,,,,,False
3e05975a966cc65017779626,401858291,,unmatched,2026-09-03T16:23:29.091224+00:00,production-model-a-2026-week1-freeze-v1,10,2026-11-08T00:30:00.000Z,Miami,Notre Dame,,ALIGNED,-6.5,56.5,65.8,-6.5,56.5,False,,,,,,,,-6.5,54.5,DraftKings,,,,,,,,,,,,,,,,,,,,False
7db2fde4f3eb6dfe4ca9eb56,401858523,,unmatched,2026-09-03T16:23:29.091224+00:00,production-model-a-2026-week1-freeze-v1,11,2026-11-14T05:00:00.000Z,Michigan,Oregon,Michigan,ALIGNED,-13.0,55.0,79.2,-13.0,55.0,False,,,,,,,,-13.5,53.5,DraftKings,,,,,,,,,,,,,,,,,,,,False
5aa05a488395413513e4a282,401858296,,unmatched,2026-09-03T16:23:29.091224+00:00,production-model-a-2026-week1-freeze-v1,11,2026-11-14T05:00:00.000Z,Duke,Miami,Duke,EDGE,-15.0,54.5,82.6,-15.0,54.5,False,,,,,,,,-21.0,55.5,DraftKings,,,,,,,,,,,,,,,,,,,,False
d0deff473068eea65705e204,401856888,,unmatched,2026-09-03T16:23:29.091224+00:00,production-model-a-2026-week1-freeze-v1,11,2026-11-14T05:00:00.000Z,Tennessee,Texas A&M,Tennessee,ALIGNED,-6.0,55.5,64.6,-6.0,55.5,False,,,,,,,,-8.5,55.5,DraftKings,,,,,,,,,,,,,,,,,,,,False
37b70369b8856b2b717d9e60,401856887,,unmatched,2026-09-03T16:23:29.091224+00:00,production-model-a-2026-week1-freeze-v1,11,2026-11-14T05:00:00.000Z,Ole Miss,Oklahoma,Oklahoma,ALIGNED,-4.5,54.0,61.1,-4.5,54.0,False,,,,,,,,-4.0,53.5,DraftKings,,,,,,,,,,,,,,,,,,,,False
932ba493b54a3573fc5f02e3,401856885,,unmatched,2026-09-03T16:23:29.091224+00:00,production-model-a-2026-week1-freeze-v1,11,2026-11-14T05:00:00.000Z,Texas,LSU,LSU,SLIGHT EDGE,-1.5,52.0,53.7,-1.5,52.0,False,,,,,,,,2.5,54.5,DraftKings,,,,,,,,,,,,,,,,,,,,False
056758280a3770221fa56d02,401856863,,unmatched,2026-09-03T16:23:29.091224+00:00,production-model-a-2026-week1-freeze-v1,11,2026-11-14T05:00:00.000Z,Texas Tech,Oklahoma State,Oklahoma State,EDGE,9.0,52.0,28.7,9.0,52.0,False,,,,,,,,15.5,61.5,DraftKings,,,,,,,,,,,,,,,,,,,,False
a97f875ebe702db14059372a,401856752,,unmatched,2026-09-03T16:23:29.091224+00:00,production-model-a-2026-week1-freeze-v1,12,2026-11-21T05:00:00.000Z,Texas A&M,Oklahoma,Texas A&M,ALIGNED,-1.5,53.5,53.7,-1.5,53.5,False,,,,,,,,-2.5,51.5,DraftKings,,,,,,,,,,,,,,,,,,,,False
d54fcab68ee14ade1816062c,401856754,,unmatched,2026-09-03T16:23:29.091224+00:00,production-model-a-2026-week1-freeze-v1,12,2026-11-21T05:00:00.000Z,LSU,Tennessee,Tennessee,ALIGNED,-1.0,54.0,52.5,-1.0,54.0,False,,,,,,,,1.5,57.5,DraftKings,,,,,,,,,,,,,,,,,,,,False
09b0bb38527d2225b289079c,401858302,,unmatched,2026-09-03T16:23:29.091224+00:00,production-model-a-2026-week1-freeze-v1,12,2026-11-21T05:00:00.000Z,Virginia Tech,Miami,Virginia Tech,SLIGHT EDGE,-12.5,53.0,78.3,-12.5,53.0,False,,,,,,,,-16.5,56.5,DraftKings,,,,,,,,,,,,,,,,,,,,False
8643d48492268451e6673dce,401858307,,unmatched,2026-09-03T16:23:29.091224+00:00,production-model-a-2026-week1-freeze-v1,12,2026-11-22T00:30:00.000Z,SMU,Notre Dame,SMU,SLIGHT EDGE,-14.0,56.0,80.9,-14.0,56.0,False,,,,,,,,-17.5,56.5,DraftKings,,,,,,,,,,,,,,,,,,,,False
c11cdb8322be79acf46ab28f,401856762,,unmatched,2026-09-03T16:23:29.091224+00:00,production-model-a-2026-week1-freeze-v1,13,2026-11-27T17:00:00.000Z,Mississippi State,Ole Miss,Mississippi State,SLIGHT EDGE,-11.5,53.5,76.4,-11.5,53.5,False,,,,,,,,-14.5,57.5,DraftKings,,,,,,,,,,,,,,,,,,,,False
5c16eedad2812e69a53d68e9,401856756,,unmatched,2026-09-03T16:23:29.091224+00:00,production-model-a-2026-week1-freeze-v1,13,2026-11-28T00:30:00.000Z,Texas,Texas A&M,Texas A&M,SLIGHT EDGE,-1.5,53.5,53.7,-1.5,53.5,False,,,,,,,,2.5,53.5,DraftKings,,,,,,,,,,,,,,,,,,,,False
76f70b7e818f08766dabed28,401858541,,unmatched,2026-09-03T16:23:29.091224+00:00,production-model-a-2026-week1-freeze-v1,13,2026-11-28T05:00:00.000Z,Washington,Oregon,Washington,ALIGNED,-13.5,56.5,80.1,-13.5,56.5,False,,,,,,,,-15.5,54.5,DraftKings,,,,,,,,,,,,,,,,,,,,False
fbd7cddfd8bdfb35f780bc32,401856757,,unmatched,2026-09-03T16:23:29.091224+00:00,production-model-a-2026-week1-freeze-v1,13,2026-11-28T05:00:00.000Z,Auburn,Alabama,Auburn,ALIGNED,-8.0,54.0,69.1,-8.0,54.0,False,,,,,,,,-10.0,52.5,DraftKings,,,,,,,,,,,,,,,,,,,,False
524ba99f3d5074f50b7a24db,401856764,,unmatched,2026-09-03T16:23:29.091224+00:00,production-model-a-2026-week1-freeze-v1,13,2026-11-28T05:00:00.000Z,South Carolina,Clemson,Clemson,ALIGNED,-3.5,52.0,58.7,-3.5,52.0,False,,,,,,,,-3.0,53.5,DraftKings,,,,,,,,,,,,,,,,,,,,False
cfcfb94d8b55fb8f152e1433,401856765,,unmatched,2026-09-03T16:23:29.091224+00:00,production-model-a-2026-week1-freeze-v1,13,2026-11-28T05:00:00.000Z,Tennessee,Vanderbilt,Tennessee,ALIGNED,4.0,57.0,40.1,4.0,57.0,False,,,,,,,,3.0,57.5,DraftKings,,,,,,,,,,,,,,,,,,,,False
9962dab33dda92d6bea775d0,401856873,,unmatched,2026-09-03T16:23:29.091224+00:00,production-model-a-2026-week1-freeze-v1,13,2026-11-28T05:00:00.000Z,Arizona State,Arizona,Arizona,ALIGNED,-5.5,53.0,63.4,-5.5,53.0,False,,,,,,,,-4.5,52.5,DraftKings,,,,,,,,,,,,,,,,,,,,False
d47b352ec6a3b356b3930876,401858537,,unmatched,2026-09-03T16:23:29.091224+00:00,production-model-a-2026-week1-freeze-v1,13,2026-11-28T05:00:00.000Z,Illinois,Northwestern,Northwestern,ALIGNED,2.5,53.5,43.8,2.5,53.5,False,,,,,,,,3.5,52.5,DraftKings,,,,,,,,,,,,,,,,,,,,False
1f2dcc18cc7d7b7a6f071aa5,401858540,,unmatched,2026-09-03T16:23:29.091224+00:00,production-model-a-2026-week1-freeze-v1,13,2026-11-28T17:00:00.000Z,Michigan,Ohio State,Ohio State,ALIGNED,-15.5,56.0,83.4,-15.5,56.0,False,,,,,,,,-13.5,46.5,DraftKings,,,,,,,,,,,,,,,,,,,,False
d4906d3a0609cd23372ee07a,401858204,,unmatched,2026-09-03T22:21:20.930906+00:00,production-model-a-2026-week1-freeze-v1,1,2026-09-03T23:00:00.000Z,Akron,Wake Forest,Akron,EDGE,-22.0,51.5,91.5,-22.0,51.0,True,93°F · 6 mph wind · Dry,Minimal,-0.5,0.0,LOCKED,,,-27.5,50.5,DraftKings,,,,,,,-27.5,0.0,,,,,,,,,,,,False
fcbbb10b09f6828c419d73e6,401856776,,unmatched,2026-09-03T22:21:20.930906+00:00,production-model-a-2026-week1-freeze-v1,1,2026-09-04T00:00:00.000Z,Colorado,Georgia Tech,Colorado,ALIGNED,-6.0,52.5,64.6,-6.0,52.5,True,84°F · 1 mph wind · Dry,Minimal,0.0,0.0,LOCKED,,,-6.5,52.5,DraftKings,,,,,,,-6.5,0.0,,,,,,,,,,,,False
c0f725514b344e90e82f05b7,401858424,,unmatched,2026-09-03T22:21:20.930906+00:00,production-model-a-2026-week1-freeze-v1,1,2026-09-04T01:00:00.000Z,UAB,Illinois,UAB,SLIGHT EDGE,-23.5,52.5,92.9,-23.5,52.5,True,86°F · 5 mph wind · Dry,Minimal,0.0,0.0,LOCKED,,,-26.5,54.5,DraftKings,,,,,,,-25.5,1.0,,,,,,,,,,,,False
c5b7df741d0f0f0faab42e5f,401864495,,unmatched,2026-09-03T22:21:20.930906+00:00,production-model-a-2026-week1-freeze-v1,1,2026-09-04T22:30:00.000Z,San Jose State,Eastern Michigan,Eastern Michigan,ALIGNED,-5.0,52.5,62.3,-5.0,52.5,True,82°F · 1 mph wind · gusts 9 · Dry,Minimal,0.0,0.0,LOCKED,,,-3.0,56.5,DraftKings,,,,,,,,,,,,,,,,,,,,False
1873e54c4677afa288b77146,401858429,,unmatched,2026-09-03T22:21:20.930906+00:00,production-model-a-2026-week1-freeze-v1,1,2026-09-05T00:00:00.000Z,Toledo,Michigan State,Michigan State,ALIGNED,-10.5,53.5,74.4,-10.5,53.5,True,Forecast unavailable,Minimal,0.0,0.0,LOCKED,,,-10.0,46.5,DraftKings,,,,,,,,,,,,,,,,,,,,False
3e7c2065368f43682fd1917f,401856664,,unmatched,2026-09-03T22:21:20.930906+00:00,production-model-a-2026-week1-freeze-v1,1,2026-09-05T00:00:00.000Z,UTEP,Oklahoma,UTEP,STRONG EDGE,-32.0,50.5,97.7,-32.0,49.5,True,93°F · 12 mph wind · gusts 18 · Dry,Moderate,-1.0,0.0,LOCKED,,,-40.5,51.5,DraftKings,,,,,,,,,,,,,,,,,,,,False
7994bf01782431602c1a67b4,401858436,,unmatched,2026-09-03T22:21:20.930906+00:00,production-model-a-2026-week1-freeze-v1,1,2026-09-05T01:00:00.000Z,Fresno State,USC,Fresno State,STRONG EDGE,-14.0,54.5,80.9,-14.0,54.5,True,75°F · 7 mph wind · Dry,Minimal,0.0,0.0,LOCKED,,,-22.5,51.5,DraftKings,,,,,,,,,,,,,,,,,,,,False
3ef32b459f69bda1f3402922,401858206,,unmatched,2026-09-03T22:21:20.930906+00:00,production-model-a-2026-week1-freeze-v1,1,2026-09-05T01:00:00.000Z,Miami,Stanford,Stanford,STRONG EDGE,15.0,53.0,17.4,15.0,52.5,True,69°F · 10 mph wind · Dry,Moderate,-0.5,0.0,LOCKED,,,24.5,48.5,DraftKings,,,,,,,,,,,,,,,,,,,,False
c1806504716287ef86eb06df,401869960,,unmatched,2026-09-03T22:21:20.930906+00:00,production-model-a-2026-week1-freeze-v1,1,2026-09-05T16:00:00.000Z,Liberty,James Madison,Liberty,ALIGNED,-5.5,54.0,63.4,-5.5,53.0,True,87°F · 11 mph wind · gusts 19 · Light rain,Moderate,-1.0,0.0,LOCKED,,,-6.0,50.5,DraftKings,,,,,,,,,,,,,,,,,,,,False
ab27b58b7d8633b4ae48579a,401858430,,unmatched,2026-09-03T22:21:20.930906+00:00,production-model-a-2026-week1-freeze-v1,1,2026-09-05T16:00:00.000Z,Ohio,Nebraska,Ohio,SLIGHT EDGE,-19.0,53.5,88.2,-19.0,53.0,True,93°F · 4 mph wind · Dry,Minimal,-0.5,0.0,LOCKED,,,-23.5,46.5,DraftKings,,,,,,,,,,,,,,,,,,,,False
39a9671fbea181774eb24bb9,401856780,,unmatched,2026-09-03T22:21:20.930906+00:00,production-model-a-2026-week1-freeze-v1,1,2026-09-05T16:00:00.000Z,Coastal Carolina,West Virginia,Coastal Carolina,STRONG EDGE,-12.5,50.0,78.3,-12.5,50.0,True,Forecast unavailable,Minimal,0.0,0.0,LOCKED,,,-21.0,56.5,DraftKings,,,,,,,,,,,,,,,,,,,,False
a2b08bd3208d0a9bc4cb1b76,401858425,,unmatched,2026-09-03T22:21:20.930906+00:00,production-model-a-2026-week1-freeze-v1,1,2026-09-05T16:00:00.000Z,North Texas,Indiana,North Texas,STRONG EDGE,-31.5,57.5,97.6,-31.5,56.5,True,90°F · 8 mph wind · gusts 13 · Light rain,Moderate,-1.0,0.0,LOCKED,,,-40.5,56.5,DraftKings,,,,,,,,,,,,,,,,,,,,False
097123700fabc1713bcb6b29,401856778,,unmatched,2026-09-03T22:21:20.930906+00:00,production-model-a-2026-week1-freeze-v1,1,2026-09-05T16:00:00.000Z,Oregon State,Houston,Oregon State,STRONG EDGE,-12.0,52.0,77.3,-12.0,52.0,True,85°F · 4 mph wind · Dry,Minimal,0.0,0.0,LOCKED,,,-21.0,49.5,DraftKings,,,,,,,,,,,,,,,,,,,,False
a71e2da702dab41224eda0d1,401856634,,unmatched,2026-09-03T22:21:20.930906+00:00,production-model-a-2026-week1-freeze-v1,1,2026-09-05T16:00:00.000Z,East Carolina,Alabama,East Carolina,STRONG EDGE,-18.5,54.5,87.6,-18.5,54.0,True,93°F · 2 mph wind · gusts 10 · Dry,Minimal,-0.5,0.0,LOCKED,,,-28.5,52.5,DraftKings,,,,,,,,,,,,,,,,,,,,False
c0e36ffd677671ef0ccbcc86,401858207,,unmatched,2026-09-03T22:21:20.930906+00:00,production-model-a-2026-week1-freeze-v1,1,2026-09-05T16:30:00.000Z,Miami (OH),Pittsburgh,Miami (OH),EDGE,-10.0,52.5,73.4,-10.0,52.5,True,77°F · 3 mph wind · Dry,Minimal,0.0,0.0,LOCKED,,,-16.5,47.5,DraftKings,,,,,,,,,,,,,,,,,,,,False
86d82ba994f82645875279ae,401858432,,unmatched,2026-09-03T22:21:20.930906+00:00,production-model-a-2026-week1-freeze-v1,1,2026-09-05T16:30:00.000Z,Ball State,Ohio State,Ball State,ALIGNED,-48.0,53.0,99.0,-48.0,53.0,True,81°F · 3 mph wind · gusts 10 · Dry,Minimal,0.0,0.0,LOCKED,,,-50.5,56.5,DraftKings,,,,,,,,,,,,,,,,,,,,False
55ba5f6b1ca5f1ec9c01a1fd,401856665,,unmatched,2026-09-03T22:21:20.930906+00:00,production-model-a-2026-week1-freeze-v1,1,2026-09-05T16:45:00.000Z,Kent State,South Carolina,Kent State,EDGE,-29.5,50.5,96.7,-29.5,50.5,True,Forecast unavailable,Minimal,0.0,0.0,LOCKED,,,-35.5,53.5,DraftKings,,,,,,,,,,,,,,,,,,,,False
a2eb5f604755bb41ab976f56,401858433,,unmatched,2026-09-03T22:21:20.930906+00:00,production-model-a-2026-week1-freeze-v1,1,2026-09-05T19:30:00.000Z,Boise State,Oregon,Boise State,ALIGNED,-22.0,55.0,91.5,-22.0,55.0,True,70°F · 4 mph wind · Dry,Minimal,0.0,0.0,LOCKED,,,-24.5,51.5,DraftKings,,,,,,,,,,,,,,,,,,,,False
ae1e06572fe9f101772f0e1d,401856777,,unmatched,2026-09-03T22:21:20.930906+00:00,production-model-a-2026-week1-freeze-v1,1,2026-09-05T19:30:00.000Z,Boston College,Cincinnati,Boston College,ALIGNED,-6.0,53.0,64.6,-6.0,53.0,True,83°F · 3 mph wind · Dry,Minimal,0.0,0.0,LOCKED,,,-7.5,49.5,DraftKings,,,,,,,,,,,,,,,,,,,,False
4c6a1de3df259496c75258bc,401856636,,unmatched,2026-09-03T22:21:20.930906+00:00,production-model-a-2026-week1-freeze-v1,1,2026-09-05T19:30:00.000Z,Baylor,Auburn,Baylor,ALIGNED,-6.0,53.5,64.6,-6.0,53.0,True,102°F · 2 mph wind · Dry,Minimal,-0.5,0.0,LOCKED,,,-7.5,59.5,DraftKings,,,,,,,,,,,,,,,,,,,,False
bdefd93c36165ab45fdec944,401858434,,unmatched,2026-09-03T22:21:20.930906+00:00,production-model-a-2026-week1-freeze-v1,1,2026-09-05T19:30:00.000Z,Marshall,Penn State,Marshall,ALIGNED,-22.0,54.0,91.5,-22.0,54.0,True,76°F · 10 mph wind · gusts 15 · Dry,Minimal,0.0,0.0,LOCKED,,,-23.5,52.5,DraftKings,,,,,,,,,,,,,,,,,,,,False
ea6df757d427a6646fd5b376,401856667,,unmatched,2026-09-03T22:21:20.930906+00:00,production-model-a-2026-week1-freeze-v1,1,2026-09-05T19:30:00.000Z,Texas State,Texas,Texas State,STRONG EDGE,-22.0,54.0,91.5,-22.0,53.5,True,96°F · 4 mph wind · Dry,Minimal,-0.5,0.0,LOCKED,,,-29.5,59.5,DraftKings,,,,,,,,,,,,,,,,,,,,False
ca22c7a14f096448a6c92e64,401858209,,unmatched,2026-09-03T22:21:20.930906+00:00,production-model-a-2026-week1-freeze-v1,1,2026-09-05T19:30:00.000Z,Tulane,Duke,Duke,ALIGNED,-10.0,54.0,73.4,-10.0,54.0,True,Forecast unavailable,Minimal,0.0,0.0,LOCKED,,,-7.5,51.5,DraftKings,,,,,,,,,,,,,,,,,,,,False
8628abfa3bdea1aa9e799b11,401856772,,unmatched,2026-09-03T22:21:20.930906+00:00,production-model-a-2026-week1-freeze-v1,1,2026-09-05T19:45:00.000Z,Oklahoma State,Tulsa,Tulsa,SLIGHT EDGE,8.5,49.5,29.8,8.5,49.0,True,106°F · 4 mph wind · Dry,Minimal,-0.5,0.0,LOCKED,,,13.5,59.5,DraftKings,,,,,,,,,,,,,,,,,,,,False
0ffa1111cb4c5d4dfb9e5c77,401858426,,unmatched,2026-09-03T22:21:20.930906+00:00,production-model-a-2026-week1-freeze-v1,1,2026-09-05T20:15:00.000Z,Northern Illinois,Iowa,Northern Illinois,SLIGHT EDGE,-27.0,51.5,95.4,-27.0,51.0,True,92°F · 6 mph wind · Dry,Minimal,-0.5,0.0,LOCKED,,,-31.5,44.5,DraftKings,,,,,,,,,,,,,,,,,,,,False
0559261e6ffa9e97ee80f0a6,401860878,,unmatched,2026-09-03T22:21:20.930906+00:00,production-model-a-2026-week1-freeze-v1,1,2026-09-05T22:00:00.000Z,Wyoming,Colorado State,Wyoming,ALIGNED,-1.5,51.0,53.7,-1.5,51.0,True,88°F · 9 mph wind · Dry,Minimal,0.0,0.0,LOCKED,,,-3.0,46.5,DraftKings,,,,,,,,,,,,,,,,,,,,False
cd94d4f77b5085af044cd2a8,401862699,,unmatched,2026-09-03T22:21:20.930906+00:00,production-model-a-2026-week1-freeze-v1,1,2026-09-05T23:00:00.000Z,Florida International,South Florida,Florida International,SLIGHT EDGE,-11.5,54.0,76.4,-11.5,53.5,True,90°F · 8 mph wind · Light rain,Moderate,-0.5,0.0,LOCKED,,,-14.5,51.5,DraftKings,,,,,,,,,,,,,,,,,,,,False
a3eb6e23ea978853eaf11eb2,401856668,,unmatched,2026-09-03T22:21:20.930906+00:00,production-model-a-2026-week1-freeze-v1,1,2026-09-05T23:00:00.000Z,Missouri State,Texas A&M,Missouri State,EDGE,-34.0,53.0,98.3,-34.0,53.0,True,89°F · 5 mph wind · Dry,Minimal,0.0,0.0,LOCKED,,,-40.5,53.5,DraftKings,,,,,,,,,,,,,,,,,,,,False
10ecc0d24bf2fbe29857bb9e,401862695,,unmatched,2026-09-03T22:21:20.930906+00:00,production-model-a-2026-week1-freeze-v1,1,2026-09-05T23:00:00.000Z,Arkansas State,Memphis,Memphis,ALIGNED,-13.0,52.5,79.2,-13.0,51.5,True,92°F · 10 mph wind · Dry,Moderate,-1.0,0.0,LOCKED,,,-11.5,52.5,DraftKings,,,,,,,,,,,,,,,,,,,,False
a1fea94d5d38d0746eabe7d5,401858428,,unmatched,2026-09-03T22:21:20.930906+00:00,production-model-a-2026-week1-freeze-v1,1,2026-09-05T23:30:00.000Z,Western Michigan,Michigan,Western Michigan,EDGE,-20.5,53.5,90.0,-20.5,53.5,True,75°F · 5 mph wind · Dry,Minimal,0.0,0.0,LOCKED,,,-27.5,49.5,DraftKings,,,,,,,,,,,,,,,,,,,,False
36235255200d6f9211af24fa,401856660,,unmatched,2026-09-03T22:21:20.930906+00:00,production-model-a-2026-week1-freeze-v1,1,2026-09-05T23:30:00.000Z,Clemson,LSU,Clemson,ALIGNED,-9.0,52.5,71.3,-9.0,52.0,True,89°F · 4 mph wind · Light rain,Moderate,-0.5,0.0,LOCKED,,,-10.0,50.5,DraftKings,,,,,,,,,,,,,,,,,,,,False
e3efeae5cda4b0f6d0fd1763,401856662,,unmatched,2026-09-03T22:21:20.930906+00:00,production-model-a-2026-week1-freeze-v1,1,2026-09-05T23:30:00.000Z,UL Monroe,Mississippi State,,ALIGNED,-28.5,50.5,96.3,-28.5,49.5,True,86°F · 13 mph wind · Light rain,Moderate,-1.0,0.0,LOCKED,,,-28.5,54.5,DraftKings,,,,,,,,,,,,,,,,,,,,False
a13a5909ce8f6304dfadc2f8,401856637,,unmatched,2026-09-03T22:21:20.930906+00:00,production-model-a-2026-week1-freeze-v1,1,2026-09-05T23:45:00.000Z,Florida Atlantic,Florida,Florida Atlantic,EDGE,-19.5,52.0,88.9,-19.5,51.5,True,86°F · 7 mph wind · gusts 15 · Light rain,Moderate,-0.5,0.0,LOCKED,,,-26.5,59.5,DraftKings,,,,,,,,,,,,,,,,,,,,False
604b04c0586f061cad5061dc,401864497,,unmatched,2026-09-03T22:21:20.930906+00:00,production-model-a-2026-week1-freeze-v1,1,2026-09-06T02:00:00.000Z,UNLV,Hawai'i,Hawai'i,SLIGHT EDGE,0.0,52.0,50.0,0.0,52.0,True,Forecast unavailable,Minimal,0.0,0.0,LOCKED,,,3.0,55.5,DraftKings,,,,,,,,,,,,,,,,,,,,False
a221e4e1680fc7d14b142462,401864498,,unmatched,2026-09-03T22:21:20.930906+00:00,production-model-a-2026-week1-freeze-v1,1,2026-09-06T02:00:00.000Z,Central Michigan,New Mexico,New Mexico,SLIGHT EDGE,-13.5,52.5,80.1,-13.5,52.5,True,88°F · 9 mph wind · Dry,Minimal,0.0,0.0,LOCKED,,,-10.5,46.5,DraftKings,,,,,,,,,,,,,,,,,,,,False
2664b94c07a7ad26ecb98d0d,401864432,,unmatched,2026-09-03T22:21:20.930906+00:00,production-model-a-2026-week1-freeze-v1,1,2026-09-06T02:30:00.000Z,Western Kentucky,Nevada,,ALIGNED,1.5,51.0,46.3,1.5,50.5,True,72°F · 10 mph wind · Dry,Moderate,-0.5,0.0,LOCKED,,,1.5,52.5,DraftKings,,,,,,,,,,,,,,,,,,,,False
3b79308805061db2c6241f63,401858210,,unmatched,2026-09-03T22:21:20.930906+00:00,production-model-a-2026-week1-freeze-v1,1,2026-09-06T02:30:00.000Z,UCLA,California,California,ALIGNED,-0.5,51.5,51.2,-0.5,51.5,True,67°F · 6 mph wind · gusts 14 · Dry,Minimal,0.0,0.0,LOCKED,,,1.5,53.5,DraftKings,,,,,,,,,,,,,,,,,,,,False
2af5a352f80f090389ea78b1,401858437,,unmatched,2026-09-03T22:21:20.930906+00:00,production-model-a-2026-week1-freeze-v1,1,2026-09-06T20:00:00.000Z,Washington State,Washington,Washington State,SLIGHT EDGE,-18.5,55.0,87.6,-18.5,55.0,True,68°F · 10 mph wind · Dry,Minimal,0.0,0.0,LOCKED,,,-23.5,51.5,DraftKings,,,,,,,,,,,,,,,,,,,,False
807ec4666730d896801d3cd6,401858438,,unmatched,2026-09-03T22:21:20.930906+00:00,production-model-a-2026-week1-freeze-v1,1,2026-09-06T23:30:00.000Z,Wisconsin,Notre Dame,Wisconsin,SLIGHT EDGE,-17.5,53.0,86.3,-17.5,53.0,True,72°F · 6 mph wind · Dry,Minimal,0.0,0.0,LOCKED,,,-20.5,46.5,DraftKings,,,,,,,,,,,,,,,,,,,,False
fef66dca00502a3083a9877b,401856661,,unmatched,2026-09-03T22:21:20.930906+00:00,production-model-a-2026-week1-freeze-v1,1,2026-09-06T23:30:00.000Z,Louisville,Ole Miss,Louisville,ALIGNED,-4.0,55.0,59.9,-4.0,55.0,True,Forecast unavailable,Minimal,0.0,0.0,LOCKED,,,-6.5,55.5,DraftKings,,,,,,,,,,,,,,,,,,,,False
6581dc60216206ead1876a90,401858212,,unmatched,2026-09-03T22:21:20.930906+00:00,production-model-a-2026-week1-freeze-v1,1,2026-09-07T23:30:00.000Z,SMU,Florida State,Florida State,SLIGHT EDGE,-0.5,54.5,51.2,-0.5,53.0,True,80°F · 6 mph wind · Heavy rain,Moderate,-1.5,0.0,LOCKED,,,3.0,53.5,DraftKings,,,,,,,,,,,,,,,,,,,,False
e415fbcc8de5ed3d389bed81,401856678,,unmatched,2026-09-03T22:21:20.930906+00:00,production-model-a-2026-week1-freeze-v1,2,2026-09-12T00:00:00.000Z,Missouri,Kansas,Missouri,ALIGNED,7.0,54.5,33.1,7.0,54.5,False,,,,,,,,6.5,53.5,DraftKings,,,,,,,,,,,,,,,,,,,,False
8d90492cd4941dda33a22e72,401862702,,unmatched,2026-09-03T22:21:20.930906+00:00,production-model-a-2026-week1-freeze-v1,2,2026-09-12T16:00:00.000Z,South Florida,Army,South Florida,ALIGNED,-1.0,54.5,52.5,-1.0,54.5,False,,,,,,,,-1.5,54.5,FanDuel,,,,,,,,,,,,,,,,,,,,False
0b32fa879a552aae3fd5085f,401856683,,unmatched,2026-09-03T22:21:20.930906+00:00,production-model-a-2026-week1-freeze-v1,2,2026-09-12T16:00:00.000Z,Arizona State,Texas A&M,Texas A&M,ALIGNED,-15.5,53.5,83.4,-15.5,53.5,False,,,,,,,,-14.5,51.5,DraftKings,,,,,,,,,,,,,,,,,,,,False
21fff1f8d8ef784b609c7c7f,401856781,,unmatched,2026-09-03T22:21:20.930906+00:00,production-model-a-2026-week1-freeze-v1,2,2026-09-12T16:00:00.000Z,Washington State,Kansas State,Washington State,EDGE,-13.0,53.0,79.2,-13.0,53.0,False,,,,,,,,-18.5,52.5,FanDuel,,,,,,,,,,,,,,,,,,,,False
570043fab817c3a887570b4e,401858221,,unmatched,2026-09-03T22:21:20.930906+00:00,production-model-a-2026-week1-freeze-v1,2,2026-09-12T16:00:00.000Z,Old Dominion,Virginia Tech,Virginia Tech,ALIGNED,-14.5,53.5,81.8,-14.5,53.5,False,,,,,,,,-14.0,,DraftKings,,,,,,,,,,,,,,,,,,,,False
19f77865543a5705da4badb8,401858442,,unmatched,2026-09-03T22:21:20.930906+00:00,production-model-a-2026-week1-freeze-v1,2,2026-09-12T16:00:00.000Z,Penn State,Temple,Temple,EDGE,18.0,53.5,13.0,18.0,53.5,False,,,,,,,,23.5,49.5,FanDuel,,,,,,,,,,,,,,,,,,,,False
e91f5c36e1e57992ae960acd,401856679,,unmatched,2026-09-03T22:21:20.930906+00:00,production-model-a-2026-week1-freeze-v1,2,2026-09-12T16:00:00.000Z,Oklahoma,Michigan,Michigan,SLIGHT EDGE,-1.5,53.0,53.7,-1.5,53.0,False,,,,,,,,1.5,46.5,DraftKings,,,,,,,,,,,,,,,,,,,,False
eff3deb278812275e4bf24ea,401856782,,unmatched,2026-09-03T22:21:20.930906+00:00,production-model-a-2026-week1-freeze-v1,2,2026-09-12T16:00:00.000Z,Oregon,Oklahoma State,Oklahoma State,SLIGHT EDGE,14.5,52.0,18.2,14.5,52.0,False,,,,,,,,18.5,60.5,DraftKings,,,,,,,,,,,,,,,,,,,,False
5bd93eb8f9e24f7b894e13a5,401858217,,unmatched,2026-09-03T22:21:20.930906+00:00,production-model-a-2026-week1-freeze-v1,2,2026-09-12T19:30:00.000Z,Duke,Illinois,Duke,ALIGNED,-6.0,54.0,64.6,-6.0,54.0,False,,,,,,,,-8.5,,DraftKings,,,,,,,,,,,,,,,,,,,,False
00d5775e399d6d87f23cf35b,401858216,,unmatched,2026-09-03T22:21:20.930906+00:00,production-model-a-2026-week1-freeze-v1,2,2026-09-12T19:30:00.000Z,California,Syracuse,Syracuse,ALIGNED,1.5,50.0,46.3,1.5,50.0,False,,,,,,,,2.5,53.5,FanDuel,,,,,,,,,,,,,,,,,,,,False
75d726a8a38653ef55aabe4f,401856810,,unmatched,2026-09-03T22:21:20.930906+00:00,production-model-a-2026-week1-freeze-v1,2,2026-09-12T19:30:00.000Z,Arizona,BYU,BYU,ALIGNED,-7.0,54.0,66.9,-7.0,54.0,False,,,,,,,,-6.5,,DraftKings,,,,,,,,,,,,,,,,,,,,False
f0a3979f90b4e3fe8c6b4647,401860884,,unmatched,2026-09-03T22:21:20.930906+00:00,production-model-a-2026-week1-freeze-v1,2,2026-09-12T19:30:00.000Z,UTSA,Texas State,UTSA,ALIGNED,-1.0,54.5,52.5,-1.0,54.5,False,,,,,,,,-1.5,,DraftKings,,,,,,,,,,,,,,,,,,,,False
8c0f32381ba0495da91c8c01,401856677,,unmatched,2026-09-03T22:21:20.930906+00:00,production-model-a-2026-week1-freeze-v1,2,2026-09-12T19:30:00.000Z,Mississippi State,Minnesota,Minnesota,ALIGNED,-3.5,51.0,58.7,-3.5,51.0,False,,,,,,,,-2.5,,DraftKings,,,,,,,,,,,,,,,,,,,,False
fa50c4acdcfa2f9f45e53d53,401856674,,unmatched,2026-09-03T22:21:20.930906+00:00,production-model-a-2026-week1-freeze-v1,2,2026-09-12T19:30:00.000Z,Alabama,Kentucky,Kentucky,SLIGHT EDGE,7.0,52.5,33.1,7.0,52.5,False,,,,,,,,10.5,,DraftKings,,,,,,,,,,,,,,,,,,,,False
45565860bf68be694dee19df,401860881,,unmatched,2026-09-03T22:21:20.930906+00:00,production-model-a-2026-week1-freeze-v1,2,2026-09-12T22:00:00.000Z,Memphis,Boise State,Memphis,ALIGNED,-4.5,53.5,61.1,-4.5,53.5,False,,,,,,,,-6.5,,DraftKings,,,,,,,,,,,,,,,,,,,,False
29f771e9701ca0b035753547,401856681,,unmatched,2026-09-03T22:21:20.930906+00:00,production-model-a-2026-week1-freeze-v1,2,2026-09-12T23:00:00.000Z,Tennessee,Georgia Tech,Georgia Tech,ALIGNED,7.0,56.0,33.1,7.0,56.0,False,,,,,,,,8.5,,DraftKings,,,,,,,,,,,,,,,,,,,,False
9b22b50659e65797ab572872,401858443,,unmatched,2026-09-03T22:21:20.930906+00:00,production-model-a-2026-week1-freeze-v1,2,2026-09-12T23:15:00.000Z,San Diego State,UCLA,San Diego State,SLIGHT EDGE,-5.0,52.5,62.3,-5.0,52.5,False,,,,,,,,-8.5,,DraftKings,,,,,,,,,,,,,,,,,,,,False
3c404a29c9999dc968f3b672,401856682,,unmatched,2026-09-03T22:21:20.930906+00:00,production-model-a-2026-week1-freeze-v1,2,2026-09-12T23:30:00.000Z,Ohio State,Texas,Ohio State,EDGE,4.5,55.5,38.9,4.5,55.5,False,,,,,,,,-1.5,47.5,DraftKings,,,,,,,,,,,,,,,,,,,,False
9215e9a89600015f806dc173,401856783,,unmatched,2026-09-03T22:21:20.930906+00:00,production-model-a-2026-week1-freeze-v1,2,2026-09-12T23:30:00.000Z,Texas Tech,Oregon State,Oregon State,OUTLIER,18.5,53.5,12.4,18.5,53.5,False,,,,,,,,29.5,51.5,FanDuel,,,,,,,,,,,,,,,,,,,,False
fcc5a327d57cd1248ed83e0a,401856788,,unmatched,2026-09-03T22:21:20.930906+00:00,production-model-a-2026-week1-freeze-v1,2,2026-09-12T23:30:00.000Z,Iowa State,Iowa,Iowa,ALIGNED,-14.5,54.0,81.8,-14.5,54.0,False,,,,,,,,-12.5,41.5,DraftKings,,,,,,,,,,,,,,,,,,,,False
c799fbbe10454c4074a29435,401856670,,unmatched,2026-09-03T22:21:20.930906+00:00,production-model-a-2026-week1-freeze-v1,2,2026-09-13T02:15:00.000Z,Arkansas,Utah,Arkansas,SLIGHT EDGE,-6.0,56.0,64.6,-6.0,56.0,False,,,,,,,,-9.5,54.5,DraftKings,,,,,,,,,,,,,,,,,,,,False
137c92facb006d0607116572,401856811,,unmatched,2026-09-03T22:21:20.930906+00:00,production-model-a-2026-week1-freeze-v1,3,2026-09-19T00:00:00.000Z,Houston,Texas Tech,,ALIGNED,-13.5,54.0,80.1,-13.5,54.0,False,,,,,,,,-13.5,54.5,DraftKings,,,,,,,,,,,,,,,,,,,,False
bb37e3496b3cc141a7b44360,401856686,,unmatched,2026-09-03T22:21:20.930906+00:00,production-model-a-2026-week1-freeze-v1,3,2026-09-19T16:00:00.000Z,Georgia,Arkansas,Arkansas,SLIGHT EDGE,13.5,55.0,19.9,13.5,55.0,False,,,,,,,,16.5,55.5,FanDuel,,,,,,,,,,,,,,,,,,,,False
32d2a9e792a8ec69e4337453,401858230,,unmatched,2026-09-03T22:21:20.930906+00:00,production-model-a-2026-week1-freeze-v1,3,2026-09-19T19:30:00.000Z,SMU,Louisville,,ALIGNED,-1.5,54.5,53.7,-1.5,54.5,False,,,,,,,,-1.5,56.5,DraftKings,,,,,,,,,,,,,,,,,,,,False
2c5cc9eb476a783c8614e726,401856687,,unmatched,2026-09-03T22:21:20.930906+00:00,production-model-a-2026-week1-freeze-v1,3,2026-09-19T23:00:00.000Z,Florida,Auburn,Auburn,ALIGNED,0.0,53.0,50.0,0.0,53.0,False,,,,,,,,1.5,53.5,DraftKings,,,,,,,,,,,,,,,,,,,,False
e308ccad3c2a3b9c90612f10,401856688,,unmatched,2026-09-03T22:21:20.930906+00:00,production-model-a-2026-week1-freeze-v1,3,2026-09-19T23:30:00.000Z,LSU,Ole Miss,LSU,ALIGNED,0.5,53.5,48.8,0.5,53.5,False,,,,,,,,-1.5,57.5,DraftKings,,,,,,,,,,,,,,,,,,,,False
f082cc8b17e78b4ff264ee4c,401856700,,unmatched,2026-09-03T22:21:20.930906+00:00,production-model-a-2026-week1-freeze-v1,4,2026-09-26T04:00:00.000Z,Oklahoma,Georgia,Oklahoma,ALIGNED,-9.0,54.0,71.3,-9.0,54.0,False,,,,,,,,-10.0,52.5,DraftKings,,,,,,,,,,,,,,,,,,,,False
6fb779e2857cde6153c7dcc4,401856702,,unmatched,2026-09-03T22:21:20.930906+00:00,production-model-a-2026-week1-freeze-v1,4,2026-09-26T04:00:00.000Z,Texas A&M,LSU,,ALIGNED,-3.0,53.0,57.4,-3.0,53.0,False,,,,,,,,-3.0,56.5,DraftKings,,,,,,,,,,,,,,,,,,,,False
fdcccf5a6287c044103ac968,401856704,,unmatched,2026-09-03T22:21:20.930906+00:00,production-model-a-2026-week1-freeze-v1,4,2026-09-26T16:00:00.000Z,Texas,Tennessee,Tennessee,EDGE,1.0,54.5,47.5,1.0,54.5,False,,,,,,,,6.5,56.5,DraftKings,,,,,,,,,,,,,,,,,,,,False
bc1a24b6dbbd468f9ce0ea94,401858249,,unmatched,2026-09-03T22:21:20.930906+00:00,production-model-a-2026-week1-freeze-v1,5,2026-10-03T04:00:00.000Z,Miami,Clemson,Clemson,SLIGHT EDGE,3.5,54.5,41.3,3.5,54.5,False,,,,,,,,7.0,55.5,DraftKings,,,,,,,,,,,,,,,,,,,,False
61a68fcc9e263ed1a8f8539f,401856712,,unmatched,2026-09-03T22:21:20.930906+00:00,production-model-a-2026-week1-freeze-v1,6,2026-10-10T04:00:00.000Z,Georgia,Alabama,Georgia,ALIGNED,3.5,54.5,41.3,3.5,54.5,False,,,,,,,,3.0,50.5,DraftKings,,,,,,,,,,,,,,,,,,,,False
28e89f5be9f0fa0cdfc3ba6f,401856717,,unmatched,2026-09-03T22:21:20.930906+00:00,production-model-a-2026-week1-freeze-v1,6,2026-10-10T19:30:00.000Z,Texas,Oklahoma,Oklahoma,SLIGHT EDGE,3.0,52.5,42.6,3.0,52.5,False,,,,,,,,6.0,48.5,DraftKings,,,,,,,,,,,,,,,,,,,,False
dd2320fd54761c95ec8b67f2,401856719,,unmatched,2026-09-03T22:21:20.930906+00:00,production-model-a-2026-week1-freeze-v1,7,2026-10-17T04:00:00.000Z,Auburn,Georgia,Auburn,ALIGNED,-14.5,55.0,81.8,-14.5,55.0,False,,,,,,,,-16.5,54.5,DraftKings,,,,,,,,,,,,,,,,,,,,False
001391fa3e186a1ed0753712,401858488,,unmatched,2026-09-03T22:21:20.930906+00:00,production-model-a-2026-week1-freeze-v1,7,2026-10-17T04:00:00.000Z,Ohio State,Indiana,Ohio State,SLIGHT EDGE,2.5,58.5,43.8,2.5,58.5,False,,,,,,,,-1.5,48.5,DraftKings,,,,,,,,,,,,,,,,,,,,False
82345b033ab79b800357f6b0,401858490,,unmatched,2026-09-03T22:21:20.930906+00:00,production-model-a-2026-week1-freeze-v1,7,2026-10-17T04:00:00.000Z,Penn State,Michigan,Penn State,SLIGHT EDGE,-3.5,54.5,58.7,-3.5,54.5,False,,,,,,,,-6.5,51.5,DraftKings,,,,,,,,,,,,,,,,,,,,False
ae3a3509d9c6cb98dc57e833,401858492,,unmatched,2026-09-03T22:21:20.930906+00:00,production-model-a-2026-week1-freeze-v1,7,2026-10-17T04:00:00.000Z,Nebraska,Oregon,Nebraska,SLIGHT EDGE,-18.5,55.0,87.6,-18.5,55.0,False,,,,,,,,-21.5,51.5,DraftKings,,,,,,,,,,,,,,,,,,,,False
f8ffc45b83959467f51a49fe,401856723,,unmatched,2026-09-03T22:21:20.930906+00:00,production-model-a-2026-week1-freeze-v1,7,2026-10-17T04:00:00.000Z,Alabama,Tennessee,Tennessee,SLIGHT EDGE,-3.0,55.0,57.4,-3.0,55.0,False,,,,,,,,1.5,56.5,DraftKings,,,,,,,,,,,,,,,,,,,,False
eee976207a82fd4cf94dc91c,401856809,,unmatched,2026-09-03T22:21:20.930906+00:00,production-model-a-2026-week1-freeze-v1,7,2026-10-17T04:00:00.000Z,Notre Dame,BYU,BYU,SLIGHT EDGE,6.0,56.0,35.4,6.0,56.0,False,,,,,,,,10.0,54.5,DraftKings,,,,,,,,,,,,,,,,,,,,False
816da997b8935edbef3dfbbc,401856830,,unmatched,2026-09-03T22:21:20.930906+00:00,production-model-a-2026-week1-freeze-v1,7,2026-10-17T04:00:00.000Z,Kansas,Kansas State,Kansas,ALIGNED,-7.0,53.5,66.9,-7.0,53.5,False,,,,,,,,-7.5,54.5,DraftKings,,,,,,,,,,,,,,,,,,,,False
c89743f7de170528274d8946,401856727,,unmatched,2026-09-03T22:21:20.930906+00:00,production-model-a-2026-week1-freeze-v1,8,2026-10-24T04:00:00.000Z,Texas A&M,Alabama,Texas A&M,ALIGNED,-0.5,54.0,51.2,-0.5,54.0,False,,,,,,,,-2.5,54.5,DraftKings,,,,,,,,,,,,,,,,,,,,False
eca452437b152fd74d5c4f50,401856732,,unmatched,2026-09-03T22:21:20.930906+00:00,production-model-a-2026-week1-freeze-v1,8,2026-10-24T04:00:00.000Z,Ole Miss,Texas,Ole Miss,ALIGNED,-8.0,54.0,69.1,-8.0,54.0,False,,,,,,,,-8.5,54.5,DraftKings,,,,,,,,,,,,,,,,,,,,False
19254830a9fd15df3903599b,401856837,,unmatched,2026-09-03T22:21:20.930906+00:00,production-model-a-2026-week1-freeze-v1,8,2026-10-24T04:00:00.000Z,Houston,Utah,Houston,ALIGNED,-5.0,55.0,62.3,-5.0,55.0,False,,,,,,,,-6.5,50.5,DraftKings,,,,,,,,,,,,,,,,,,,,False
0b1e25c592c17cf844a844dc,401858496,,unmatched,2026-09-03T22:21:20.930906+00:00,production-model-a-2026-week1-freeze-v1,8,2026-10-24T04:00:00.000Z,Indiana,Michigan,Michigan,ALIGNED,3.5,56.0,41.3,3.5,56.0,False,,,,,,,,6.0,52.5,DraftKings,,,,,,,,,,,,,,,,,,,,False
48bf5f0a011de2afcec6efca,401856734,,unmatched,2026-09-03T22:21:20.930906+00:00,production-model-a-2026-week1-freeze-v1,9,2026-10-31T19:30:00.000Z,Florida,Georgia,Florida,SLIGHT EDGE,-8.5,54.0,70.2,-8.5,54.0,False,,,,,,,,-12.5,53.5,DraftKings,,,,,,,,,,,,,,,,,,,,False
9bd30d67d67bd888cecc13a0,401856740,,unmatched,2026-09-03T22:21:20.930906+00:00,production-model-a-2026-week1-freeze-v1,10,2026-11-07T05:00:00.000Z,Alabama,LSU,LSU,ALIGNED,-5.5,52.5,63.4,-5.5,52.5,False,,,,,,,,-3.5,54.5,DraftKings,,,,,,,,,,,,,,,,,,,,False
bf910e85b40d55337bc666e6,401856741,,unmatched,2026-09-03T22:21:20.930906+00:00,production-model-a-2026-week1-freeze-v1,10,2026-11-07T05:00:00.000Z,Georgia,Ole Miss,Georgia,ALIGNED,5.0,56.0,37.7,5.0,56.0,False,,,,,,,,4.5,55.5,DraftKings,,,,,,,,,,,,,,,,,,,,False
87d7fb4b100a07549dcc3028,401856849,,unmatched,2026-09-03T22:21:20.930906+00:00,production-model-a-2026-week1-freeze-v1,10,2026-11-07T05:00:00.000Z,BYU,Utah,BYU,SLIGHT EDGE,1.0,56.0,47.5,1.0,56.0,False,,,,,,,,-3.0,51.5,DraftKings,,,,,,,,,,,,,,,,,,,,False
a85338b2b06d49dc44f7953e,401858511,,unmatched,2026-09-03T22:21:20.930906+00:00,production-model-a-2026-week1-freeze-v1,10,2026-11-07T05:00:00.000Z,Michigan State,Michigan,Michigan State,ALIGNED,-14.5,52.5,81.8,-14.5,52.5,False,,,,,,,,-16.5,50.5,DraftKings,,,,,,,,,,,,,,,,,,,,False
ede1b74b70e454dbef9b3116,401858514,,unmatched,2026-09-03T22:21:20.930906+00:00,production-model-a-2026-week1-freeze-v1,10,2026-11-07T05:00:00.000Z,Oregon,Ohio State,,ALIGNED,-6.0,57.5,64.6,-6.0,57.5,False,,,,,,,,-6.0,52.5,DraftKings,,,,,,,,,,,,,,,,,,,,False
d59453e3fa796023257b9963,401858291,,unmatched,2026-09-03T22:21:20.930906+00:00,production-model-a-2026-week1-freeze-v1,10,2026-11-08T00:30:00.000Z,Miami,Notre Dame,,ALIGNED,-6.5,56.5,65.8,-6.5,56.5,False,,,,,,,,-6.5,54.5,DraftKings,,,,,,,,,,,,,,,,,,,,False
3b051c9cae6e2be46e03369d,401858523,,unmatched,2026-09-03T22:21:20.930906+00:00,production-model-a-2026-week1-freeze-v1,11,2026-11-14T05:00:00.000Z,Michigan,Oregon,Michigan,ALIGNED,-13.0,55.0,79.2,-13.0,55.0,False,,,,,,,,-13.5,53.5,DraftKings,,,,,,,,,,,,,,,,,,,,False
b5134fad4bc079fa716fe2ee,401858296,,unmatched,2026-09-03T22:21:20.930906+00:00,production-model-a-2026-week1-freeze-v1,11,2026-11-14T05:00:00.000Z,Duke,Miami,Duke,EDGE,-15.0,54.5,82.6,-15.0,54.5,False,,,,,,,,-21.0,55.5,DraftKings,,,,,,,,,,,,,,,,,,,,False
67c1cf6da7067e8dfdd3f816,401856888,,unmatched,2026-09-03T22:21:20.930906+00:00,production-model-a-2026-week1-freeze-v1,11,2026-11-14T05:00:00.000Z,Tennessee,Texas A&M,Tennessee,ALIGNED,-6.0,55.5,64.6,-6.0,55.5,False,,,,,,,,-8.5,55.5,DraftKings,,,,,,,,,,,,,,,,,,,,False
77c82504bd89762859dd688f,401856887,,unmatched,2026-09-03T22:21:20.930906+00:00,production-model-a-2026-week1-freeze-v1,11,2026-11-14T05:00:00.000Z,Ole Miss,Oklahoma,Oklahoma,ALIGNED,-4.5,54.0,61.1,-4.5,54.0,False,,,,,,,,-4.0,53.5,DraftKings,,,,,,,,,,,,,,,,,,,,False
ea3ef7db50e0b76546dc2fcc,401856885,,unmatched,2026-09-03T22:21:20.930906+00:00,production-model-a-2026-week1-freeze-v1,11,2026-11-14T05:00:00.000Z,Texas,LSU,LSU,SLIGHT EDGE,-1.5,52.0,53.7,-1.5,52.0,False,,,,,,,,2.5,54.5,DraftKings,,,,,,,,,,,,,,,,,,,,False
eb8c50f2abac64b92fcf76bd,401856863,,unmatched,2026-09-03T22:21:20.930906+00:00,production-model-a-2026-week1-freeze-v1,11,2026-11-14T05:00:00.000Z,Texas Tech,Oklahoma State,Oklahoma State,EDGE,9.0,52.0,28.7,9.0,52.0,False,,,,,,,,15.5,61.5,DraftKings,,,,,,,,,,,,,,,,,,,,False
843cef142a8d40038de3de99,401856752,,unmatched,2026-09-03T22:21:20.930906+00:00,production-model-a-2026-week1-freeze-v1,12,2026-11-21T05:00:00.000Z,Texas A&M,Oklahoma,Texas A&M,ALIGNED,-1.5,53.5,53.7,-1.5,53.5,False,,,,,,,,-2.5,51.5,DraftKings,,,,,,,,,,,,,,,,,,,,False
9e2889e859a14eaad1942a28,401856754,,unmatched,2026-09-03T22:21:20.930906+00:00,production-model-a-2026-week1-freeze-v1,12,2026-11-21T05:00:00.000Z,LSU,Tennessee,Tennessee,ALIGNED,-1.0,54.0,52.5,-1.0,54.0,False,,,,,,,,1.5,57.5,DraftKings,,,,,,,,,,,,,,,,,,,,False
57af9497cf75ae614ed11ce6,401858302,,unmatched,2026-09-03T22:21:20.930906+00:00,production-model-a-2026-week1-freeze-v1,12,2026-11-21T05:00:00.000Z,Virginia Tech,Miami,Virginia Tech,SLIGHT EDGE,-12.5,53.0,78.3,-12.5,53.0,False,,,,,,,,-16.5,56.5,DraftKings,,,,,,,,,,,,,,,,,,,,False
0bf4416ba86f5c291e834148,401858307,,unmatched,2026-09-03T22:21:20.930906+00:00,production-model-a-2026-week1-freeze-v1,12,2026-11-22T00:30:00.000Z,SMU,Notre Dame,SMU,SLIGHT EDGE,-14.0,56.0,80.9,-14.0,56.0,False,,,,,,,,-17.5,56.5,DraftKings,,,,,,,,,,,,,,,,,,,,False
3016c0348ebcfbf00d36cc2f,401856762,,unmatched,2026-09-03T22:21:20.930906+00:00,production-model-a-2026-week1-freeze-v1,13,2026-11-27T17:00:00.000Z,Mississippi State,Ole Miss,Mississippi State,SLIGHT EDGE,-11.5,53.5,76.4,-11.5,53.5,False,,,,,,,,-14.5,57.5,DraftKings,,,,,,,,,,,,,,,,,,,,False
df5d75344ffcc83816616385,401856756,,unmatched,2026-09-03T22:21:20.930906+00:00,production-model-a-2026-week1-freeze-v1,13,2026-11-28T00:30:00.000Z,Texas,Texas A&M,Texas A&M,SLIGHT EDGE,-1.5,53.5,53.7,-1.5,53.5,False,,,,,,,,2.5,53.5,DraftKings,,,,,,,,,,,,,,,,,,,,False
db4d652531c3bcc65ccd106f,401858541,,unmatched,2026-09-03T22:21:20.930906+00:00,production-model-a-2026-week1-freeze-v1,13,2026-11-28T05:00:00.000Z,Washington,Oregon,Washington,ALIGNED,-13.5,56.5,80.1,-13.5,56.5,False,,,,,,,,-15.5,54.5,DraftKings,,,,,,,,,,,,,,,,,,,,False
66aa046eb205bbaff25048c8,401856757,,unmatched,2026-09-03T22:21:20.930906+00:00,production-model-a-2026-week1-freeze-v1,13,2026-11-28T05:00:00.000Z,Auburn,Alabama,Auburn,ALIGNED,-8.0,54.0,69.1,-8.0,54.0,False,,,,,,,,-10.0,52.5,DraftKings,,,,,,,,,,,,,,,,,,,,False
154a251588f82943c89c4a30,401856764,,unmatched,2026-09-03T22:21:20.930906+00:00,production-model-a-2026-week1-freeze-v1,13,2026-11-28T05:00:00.000Z,South Carolina,Clemson,Clemson,ALIGNED,-3.5,52.0,58.7,-3.5,52.0,False,,,,,,,,-3.0,53.5,DraftKings,,,,,,,,,,,,,,,,,,,,False
871cb1b6c2a7afbaf8d58660,401856765,,unmatched,2026-09-03T22:21:20.930906+00:00,production-model-a-2026-week1-freeze-v1,13,2026-11-28T05:00:00.000Z,Tennessee,Vanderbilt,Tennessee,ALIGNED,4.0,57.0,40.1,4.0,57.0,False,,,,,,,,3.0,57.5,DraftKings,,,,,,,,,,,,,,,,,,,,False
a792b52fda79183f9520c16d,401856873,,unmatched,2026-09-03T22:21:20.930906+00:00,production-model-a-2026-week1-freeze-v1,13,2026-11-28T05:00:00.000Z,Arizona State,Arizona,Arizona,ALIGNED,-5.5,53.0,63.4,-5.5,53.0,False,,,,,,,,-4.5,52.5,DraftKings,,,,,,,,,,,,,,,,,,,,False
b7ce2931ab71aceafd84af19,401858537,,unmatched,2026-09-03T22:21:20.930906+00:00,production-model-a-2026-week1-freeze-v1,13,2026-11-28T05:00:00.000Z,Illinois,Northwestern,Northwestern,ALIGNED,2.5,53.5,43.8,2.5,53.5,False,,,,,,,,3.5,52.5,DraftKings,,,,,,,,,,,,,,,,,,,,False
4188e7fe3b0b3513f31c8b61,401858540,,unmatched,2026-09-03T22:21:20.930906+00:00,production-model-a-2026-week1-freeze-v1,13,2026-11-28T17:00:00.000Z,Michigan,Ohio State,Ohio State,ALIGNED,-15.5,56.0,83.4,-15.5,56.0,False,,,,,,,,-13.5,46.5,DraftKings,,,,,,,,,,,,,,,,,,,,False
